-- MySQL dump 10.13  Distrib 8.0.25, for Win64 (x86_64)
--
-- Host: localhost    Database: vk_20210910
-- ------------------------------------------------------
-- Server version	8.0.25

/*!40101 SET @OLD_CHARACTER_SET_CLIENT=@@CHARACTER_SET_CLIENT */;
/*!40101 SET @OLD_CHARACTER_SET_RESULTS=@@CHARACTER_SET_RESULTS */;
/*!40101 SET @OLD_COLLATION_CONNECTION=@@COLLATION_CONNECTION */;
/*!50503 SET NAMES utf8mb4 */;
/*!40103 SET @OLD_TIME_ZONE=@@TIME_ZONE */;
/*!40103 SET TIME_ZONE='+00:00' */;
/*!40014 SET @OLD_UNIQUE_CHECKS=@@UNIQUE_CHECKS, UNIQUE_CHECKS=0 */;
/*!40014 SET @OLD_FOREIGN_KEY_CHECKS=@@FOREIGN_KEY_CHECKS, FOREIGN_KEY_CHECKS=0 */;
/*!40101 SET @OLD_SQL_MODE=@@SQL_MODE, SQL_MODE='NO_AUTO_VALUE_ON_ZERO' */;
/*!40111 SET @OLD_SQL_NOTES=@@SQL_NOTES, SQL_NOTES=0 */;

--
-- Table structure for table `communities`
--

DROP TABLE IF EXISTS `communities`;
/*!40101 SET @saved_cs_client     = @@character_set_client */;
/*!50503 SET character_set_client = utf8mb4 */;
CREATE TABLE `communities` (
  `id` int unsigned NOT NULL AUTO_INCREMENT COMMENT 'Идентификатор сроки',
  `name` varchar(150) NOT NULL COMMENT 'Название группы',
  `created_at` datetime DEFAULT CURRENT_TIMESTAMP COMMENT 'Время создания строки',
  `updated_at` datetime DEFAULT CURRENT_TIMESTAMP ON UPDATE CURRENT_TIMESTAMP COMMENT 'Время обновления строки',
  PRIMARY KEY (`id`),
  UNIQUE KEY `name` (`name`)
) ENGINE=InnoDB AUTO_INCREMENT=101 DEFAULT CHARSET=utf8mb4 COLLATE=utf8mb4_0900_ai_ci COMMENT='Группы';
/*!40101 SET character_set_client = @saved_cs_client */;

--
-- Dumping data for table `communities`
--

LOCK TABLES `communities` WRITE;
/*!40000 ALTER TABLE `communities` DISABLE KEYS */;
INSERT INTO `communities` VALUES (1,'similique','2010-08-11 13:48:50','1983-05-03 17:57:38'),(2,'consequuntur','1972-04-06 05:04:31','1994-06-23 11:26:14'),(3,'consectetur','2013-07-24 19:50:26','1983-12-05 12:45:42'),(4,'quaerat','1977-11-13 10:48:48','1994-12-24 05:45:00'),(5,'unde','1996-07-17 21:35:23','1998-04-07 06:21:11'),(6,'aut','1971-06-05 17:17:30','1976-07-20 15:03:12'),(7,'natus','2018-12-22 20:52:46','2011-07-03 22:43:08'),(8,'distinctio','1983-04-11 16:58:01','1998-09-25 18:34:23'),(9,'molestias','1982-04-22 11:06:33','2000-03-07 02:17:17'),(10,'delectus','2000-04-24 03:46:10','2015-01-10 12:58:27'),(11,'tempora','1988-06-17 09:11:16','1987-05-30 06:39:03'),(12,'vitae','1993-06-14 14:35:32','2001-06-13 17:37:57'),(13,'dolorum','1981-07-08 09:20:32','1970-10-27 19:59:04'),(14,'ea','2020-09-06 02:24:13','1976-02-04 21:57:36'),(15,'quis','1976-03-19 02:44:02','2014-03-22 08:26:36'),(16,'eveniet','2013-11-07 05:48:37','1980-04-03 17:48:27'),(17,'praesentium','1973-02-05 03:14:52','1981-07-23 16:15:06'),(18,'dolore','2019-05-01 02:19:41','2013-04-15 12:48:11'),(19,'magni','1985-11-09 00:08:18','1982-02-18 21:15:23'),(20,'excepturi','1994-11-03 05:32:04','2017-09-13 01:05:03'),(21,'laudantium','2015-06-09 17:01:02','1996-05-06 01:39:41'),(22,'sit','1977-12-01 20:13:50','2019-01-28 04:47:36'),(23,'animi','1970-08-30 13:00:24','2019-01-09 05:48:28'),(24,'voluptate','1971-05-08 16:14:52','2004-11-09 12:58:25'),(25,'ad','2016-08-05 19:31:43','1981-01-23 19:10:36'),(26,'et','1997-10-13 06:23:49','2010-07-23 13:33:57'),(27,'ipsam','2013-08-11 02:56:32','1995-03-14 03:47:30'),(28,'harum','1998-11-01 05:18:07','1970-09-10 08:44:52'),(29,'sapiente','1977-01-07 11:51:05','1996-04-11 19:54:50'),(30,'vel','1988-12-24 07:20:30','1976-08-19 11:26:51'),(31,'accusantium','2012-12-26 07:06:18','2017-04-27 07:40:10'),(32,'sint','2011-07-31 15:55:55','1982-12-07 04:12:57'),(33,'iste','1978-07-18 14:48:12','1993-11-08 19:01:36'),(34,'repellat','1994-10-19 03:45:21','1999-10-29 15:54:49'),(35,'officiis','1988-05-13 15:40:27','1992-12-17 07:43:51'),(36,'consequatur','2005-09-07 21:07:11','2007-02-01 09:51:54'),(37,'doloremque','2009-09-16 15:33:11','2013-06-30 03:50:29'),(38,'explicabo','1996-01-25 03:00:34','1975-07-19 03:45:03'),(39,'est','1989-07-19 13:30:32','1997-03-15 02:15:00'),(40,'fugiat','2009-11-23 13:41:29','1982-12-13 12:02:06'),(41,'nihil','1988-05-24 01:10:51','2018-07-20 04:27:40'),(42,'impedit','1974-10-02 02:50:49','1971-07-01 17:59:39'),(43,'laborum','1970-06-07 09:22:11','1980-02-27 20:02:36'),(44,'qui','1988-07-12 06:27:04','1983-11-29 17:16:05'),(45,'aspernatur','1971-06-23 13:36:27','2020-10-07 17:19:38'),(46,'in','2003-11-02 04:25:51','1978-08-18 09:02:15'),(47,'sunt','1984-09-28 18:20:16','1997-02-13 18:01:01'),(48,'itaque','2004-06-10 15:39:43','1986-05-27 06:03:09'),(49,'quos','1987-06-03 10:48:10','2017-01-03 04:49:28'),(50,'illum','1992-02-19 07:07:09','1998-11-28 04:26:37'),(51,'labore','2011-05-05 13:22:23','2008-11-28 21:20:52'),(52,'eos','2010-06-29 12:54:19','1995-01-27 14:41:22'),(53,'rem','1970-08-29 17:36:45','2017-07-04 08:09:38'),(54,'corrupti','1980-06-06 09:02:40','2000-12-29 17:24:16'),(55,'eum','1970-08-09 15:07:40','2010-10-13 16:59:42'),(56,'cum','1990-09-02 19:08:03','2019-08-18 17:17:39'),(57,'asperiores','1980-07-09 04:57:18','2015-03-09 10:02:02'),(58,'enim','1985-02-06 05:14:36','1972-08-31 17:33:12'),(59,'doloribus','1991-12-09 21:49:50','2020-12-23 22:10:15'),(60,'dolor','1980-04-22 02:30:31','2020-05-22 21:06:40'),(61,'maxime','1985-06-22 03:02:12','1988-05-07 14:18:07'),(62,'eaque','1983-08-04 10:55:18','1981-01-22 15:04:38'),(63,'repudiandae','1980-11-26 10:08:53','1985-09-02 08:23:31'),(64,'odio','1985-05-08 04:47:46','1984-11-18 12:23:04'),(65,'iure','1993-10-18 23:09:29','1986-02-06 08:52:16'),(66,'libero','1982-05-19 03:52:46','1985-10-26 08:22:39'),(67,'velit','1984-12-14 09:16:01','1992-08-15 23:52:38'),(68,'placeat','2008-09-15 09:40:56','1985-11-03 03:34:23'),(69,'facilis','1972-05-03 09:27:45','1994-05-07 19:07:57'),(70,'deserunt','2019-07-14 02:23:12','1976-05-11 01:03:42'),(71,'mollitia','1988-12-18 13:29:02','1982-12-24 05:09:53'),(72,'vero','1980-04-28 23:52:46','1996-05-14 22:41:51'),(73,'sequi','1985-03-08 23:16:26','2000-04-28 03:55:42'),(74,'non','2009-06-25 04:38:34','2003-12-12 22:28:38'),(75,'provident','2015-03-12 18:57:48','1985-08-03 23:52:21'),(76,'facere','2009-04-23 08:06:44','2007-10-11 03:41:12'),(77,'nemo','1978-10-16 08:16:34','1995-10-09 04:21:41'),(78,'inventore','2007-10-20 02:55:24','2004-10-31 01:25:41'),(79,'sed','1985-07-26 09:25:58','1995-06-19 12:03:27'),(80,'recusandae','1987-09-12 08:36:10','2020-08-12 01:12:28'),(81,'quibusdam','1975-09-27 13:28:19','1986-11-03 16:24:14'),(82,'hic','1992-10-22 08:03:10','2012-10-26 16:00:33'),(83,'rerum','2001-05-13 03:15:07','1985-11-24 17:05:57'),(84,'reiciendis','1987-02-24 09:03:23','1979-10-14 05:16:20'),(85,'voluptas','2020-05-17 01:46:03','1997-11-26 07:40:42'),(86,'earum','1973-11-09 09:58:45','2017-03-01 10:50:06'),(87,'voluptatem','1977-04-28 14:55:48','1986-08-24 09:34:20'),(88,'dolores','1983-02-12 21:06:35','2009-03-01 18:22:58'),(89,'autem','2017-07-15 23:47:04','1998-04-19 08:54:27'),(90,'iusto','2013-07-29 18:19:40','1991-06-25 08:37:33'),(91,'aliquam','2005-09-05 10:45:32','2013-10-26 19:49:32'),(92,'fuga','1976-05-28 01:59:01','2002-03-10 17:01:32'),(93,'nisi','1976-06-11 07:57:19','2008-04-24 19:36:49'),(94,'veniam','1972-02-08 21:37:51','1974-06-20 21:30:56'),(95,'error','1986-10-05 15:18:50','2017-06-20 21:37:54'),(96,'eligendi','2009-09-25 19:45:12','2004-03-26 04:39:45'),(97,'aliquid','1997-02-13 17:08:51','1971-11-17 18:55:11'),(98,'ut','1995-08-24 07:39:15','1980-11-16 23:54:49'),(99,'optio','1978-06-08 07:37:09','2002-08-29 10:55:37'),(100,'numquam','2016-07-10 02:10:50','2012-11-24 15:10:50');
/*!40000 ALTER TABLE `communities` ENABLE KEYS */;
UNLOCK TABLES;

--
-- Table structure for table `communities_users`
--

DROP TABLE IF EXISTS `communities_users`;
/*!40101 SET @saved_cs_client     = @@character_set_client */;
/*!50503 SET character_set_client = utf8mb4 */;
CREATE TABLE `communities_users` (
  `community_id` int unsigned NOT NULL COMMENT 'Ссылка на группу',
  `user_id` int unsigned NOT NULL COMMENT 'Ссылка на пользователя',
  `created_at` datetime DEFAULT CURRENT_TIMESTAMP COMMENT 'Время создания строки',
  PRIMARY KEY (`community_id`,`user_id`) COMMENT 'Составной первичный ключ',
  KEY `communities_users_user_id` (`user_id`),
  CONSTRAINT `communities_users_community_id_id` FOREIGN KEY (`community_id`) REFERENCES `communities` (`id`),
  CONSTRAINT `communities_users_user_id` FOREIGN KEY (`user_id`) REFERENCES `users` (`id`)
) ENGINE=InnoDB DEFAULT CHARSET=utf8mb4 COLLATE=utf8mb4_0900_ai_ci COMMENT='Участники групп, связь между пользователями и группами';
/*!40101 SET character_set_client = @saved_cs_client */;

--
-- Dumping data for table `communities_users`
--

LOCK TABLES `communities_users` WRITE;
/*!40000 ALTER TABLE `communities_users` DISABLE KEYS */;
INSERT INTO `communities_users` VALUES (1,1,'2018-08-09 05:15:41'),(2,2,'2015-04-29 11:44:17'),(3,3,'2003-11-14 21:13:21'),(4,4,'1986-11-22 23:11:26'),(5,5,'2002-07-22 02:39:16'),(6,6,'1982-02-22 10:46:22'),(7,7,'2008-07-10 07:18:02'),(8,8,'1978-04-10 07:43:35'),(9,9,'2002-06-05 14:34:02'),(10,10,'1980-11-28 17:18:04'),(11,11,'2000-06-14 22:15:29'),(12,12,'1997-11-28 04:00:13'),(13,13,'2005-11-29 19:12:13'),(14,14,'2003-02-20 23:30:05'),(15,15,'2005-09-28 19:54:03'),(16,16,'2008-08-24 13:23:33'),(17,17,'1974-01-31 06:00:54'),(18,18,'2010-03-28 05:11:45'),(19,19,'2007-12-12 21:51:10'),(20,20,'2007-11-01 02:55:05'),(21,21,'1993-05-02 20:52:44'),(22,22,'1975-06-02 07:30:27'),(23,23,'1985-06-30 13:29:22'),(24,24,'1986-07-09 18:08:13'),(25,25,'1983-02-19 08:38:47'),(26,26,'2014-04-25 16:39:10'),(27,27,'2016-06-14 15:13:29'),(28,28,'1995-09-04 14:31:11'),(29,29,'1993-10-16 04:56:45'),(30,30,'2000-10-09 15:17:58'),(31,31,'2021-05-19 09:06:32'),(32,32,'1987-04-26 01:43:23'),(33,33,'1989-03-08 07:48:57'),(34,34,'1987-05-29 22:41:34'),(35,35,'1987-07-04 08:14:50'),(36,36,'2009-04-19 08:54:54'),(37,37,'2002-06-01 22:02:52'),(38,38,'1996-11-04 17:41:50'),(39,39,'1990-05-30 07:44:32'),(40,40,'1987-05-09 15:47:26'),(41,41,'2019-01-16 03:10:54'),(42,42,'1973-11-16 03:31:18'),(43,43,'2020-02-13 10:57:21'),(44,44,'1986-11-12 20:49:27'),(45,45,'1988-01-18 21:05:15'),(46,46,'2000-08-02 12:22:36'),(47,47,'1983-05-13 06:06:02'),(48,48,'1985-12-11 03:11:11'),(49,49,'1976-06-04 14:36:17'),(50,50,'1992-07-21 20:47:08'),(51,51,'1987-12-06 09:23:49'),(52,52,'1989-06-03 09:00:11'),(53,53,'2001-10-09 06:31:13'),(54,54,'1983-02-16 13:26:25'),(55,55,'2009-12-11 10:40:47'),(56,56,'1995-01-16 10:51:45'),(57,57,'1999-11-07 08:48:43'),(58,58,'1990-07-06 20:50:35'),(59,59,'2019-09-30 19:11:37'),(60,60,'2016-05-01 20:43:40'),(61,61,'2002-07-29 11:46:42'),(62,62,'1970-04-03 23:47:02'),(63,63,'2012-10-05 18:07:53'),(64,64,'2016-04-09 08:18:43'),(65,65,'1988-04-08 03:55:19'),(66,66,'1991-08-22 02:01:53'),(67,67,'1989-01-02 00:45:05'),(68,68,'2013-05-16 04:04:17'),(69,69,'1997-03-31 06:42:40'),(70,70,'2011-03-19 18:15:22'),(71,71,'1998-03-22 04:52:04'),(72,72,'1991-05-07 02:12:49'),(73,73,'1976-10-10 21:41:22'),(74,74,'2019-08-26 20:33:16'),(75,75,'2016-05-20 23:51:24'),(76,76,'1990-01-02 18:56:22'),(77,77,'1999-06-13 19:07:38'),(78,78,'1999-02-17 20:58:08'),(79,79,'2006-03-16 01:26:40'),(80,80,'2018-03-29 21:27:34'),(81,81,'2016-05-02 16:36:11'),(82,82,'1974-12-03 11:18:47'),(83,83,'1993-06-08 21:26:05'),(84,84,'2020-02-23 08:36:26'),(85,85,'1988-06-29 06:14:16'),(86,86,'1981-07-07 11:45:01'),(87,87,'2021-05-10 21:39:53'),(88,88,'2015-01-05 18:49:18'),(89,89,'2014-01-03 01:06:00'),(90,90,'2020-11-13 06:18:21'),(91,91,'1984-05-07 11:35:06'),(92,92,'2015-07-24 16:47:35'),(93,93,'2015-04-05 19:07:42'),(94,94,'1972-07-29 15:24:20'),(95,95,'2021-02-04 23:05:21'),(96,96,'2018-03-11 13:17:25'),(97,97,'2013-08-24 01:59:51'),(98,98,'2020-10-06 20:31:33'),(99,99,'2013-05-17 14:07:25'),(100,100,'1997-06-05 04:33:30');
/*!40000 ALTER TABLE `communities_users` ENABLE KEYS */;
UNLOCK TABLES;

--
-- Table structure for table `friendship`
--

DROP TABLE IF EXISTS `friendship`;
/*!40101 SET @saved_cs_client     = @@character_set_client */;
/*!50503 SET character_set_client = utf8mb4 */;
CREATE TABLE `friendship` (
  `user_id` int unsigned NOT NULL COMMENT 'Ссылка на пользователя',
  `friend_id` int unsigned NOT NULL COMMENT 'Ссылка на друга пользователя',
  `requested_at` datetime DEFAULT CURRENT_TIMESTAMP COMMENT 'Время отправления приглашения дружить',
  `confirmed_at` datetime DEFAULT NULL COMMENT 'Время подтверждения приглашения',
  `created_at` datetime DEFAULT CURRENT_TIMESTAMP COMMENT 'Время создания строки',
  `updated_at` datetime DEFAULT CURRENT_TIMESTAMP ON UPDATE CURRENT_TIMESTAMP COMMENT 'Время обновления строки',
  `request_type_id` int unsigned NOT NULL COMMENT 'Ссылка на тип запроса',
  PRIMARY KEY (`user_id`,`friend_id`),
  KEY `friendship_friend_id` (`friend_id`),
  KEY `friendship_request_type_id` (`request_type_id`),
  CONSTRAINT `friendship_friend_id` FOREIGN KEY (`friend_id`) REFERENCES `users` (`id`),
  CONSTRAINT `friendship_request_type_id` FOREIGN KEY (`request_type_id`) REFERENCES `friendship_request_types` (`id`),
  CONSTRAINT `friendship_user_id` FOREIGN KEY (`user_id`) REFERENCES `users` (`id`)
) ENGINE=InnoDB DEFAULT CHARSET=utf8mb4 COLLATE=utf8mb4_0900_ai_ci;
/*!40101 SET character_set_client = @saved_cs_client */;

--
-- Dumping data for table `friendship`
--

LOCK TABLES `friendship` WRITE;
/*!40000 ALTER TABLE `friendship` DISABLE KEYS */;
INSERT INTO `friendship` VALUES (1,2,'1982-06-27 07:13:37','2013-05-27 21:38:48','1984-01-16 22:01:04','2021-09-19 21:00:21',2),(1,3,'2006-08-13 04:33:26','1972-02-25 02:53:33','1994-08-25 09:40:54','2021-09-19 21:00:21',3),(1,4,'1981-08-24 21:06:05','2000-09-24 00:58:37','2008-02-18 08:13:26','2021-09-19 21:00:21',1),(1,5,'1978-12-11 17:56:47','1999-04-02 10:10:54','2013-05-14 06:24:57','2021-09-19 21:00:21',2),(1,6,'1984-11-10 16:15:53','1996-01-31 17:48:27','2003-10-18 10:38:16','2021-09-19 21:00:21',3),(1,7,'1976-06-07 19:15:04','1986-04-18 02:11:35','1980-02-25 22:56:29','2021-09-19 21:00:21',1),(1,8,'1972-01-21 04:53:52','2010-10-08 05:10:11','2006-10-01 21:57:11','2021-09-19 21:00:21',2),(1,9,'1984-02-15 23:42:28','2012-09-22 06:14:18','1973-06-25 15:29:50','2021-09-19 21:00:21',3),(1,10,'2014-10-07 08:45:13','2001-08-01 21:12:54','1999-01-18 09:38:43','2021-09-19 21:00:21',1),(1,11,'2005-05-20 19:20:55','2005-02-16 23:00:25','2009-06-24 22:43:18','2021-09-19 21:00:21',2),(1,12,'1982-04-24 23:26:23','1975-01-07 10:30:16','2001-05-03 15:59:08','2021-09-19 21:00:21',3),(1,13,'1974-05-29 20:31:17','1976-06-06 19:45:23','2004-02-02 20:48:10','2021-09-19 21:00:21',1),(1,14,'1976-01-15 00:17:23','1996-06-09 09:45:26','2013-04-29 22:30:48','2021-09-19 21:00:21',2),(1,15,'1972-12-01 11:11:00','1984-01-04 15:15:35','1972-04-12 23:18:06','2021-09-19 21:00:21',3),(1,16,'1977-07-20 04:15:20','2001-12-22 20:23:26','1976-04-27 15:23:02','2021-09-19 21:00:21',1),(1,17,'1990-01-23 04:23:14','1991-05-28 23:54:58','2019-03-09 09:03:19','2021-09-19 21:00:21',2),(1,18,'1995-01-27 20:11:24','1998-03-31 12:44:09','2006-04-11 14:21:05','2021-09-19 21:00:21',3),(1,19,'1998-05-25 00:28:58','2004-07-21 16:38:00','1983-02-11 23:48:26','2021-09-19 21:00:21',1),(1,20,'1985-06-08 14:25:02','1979-09-22 09:26:53','2010-08-21 20:49:45','2021-09-19 21:00:21',2),(1,21,'1994-06-20 15:47:53','2010-07-21 12:21:34','1999-11-19 13:08:09','2021-09-19 21:00:21',3),(1,22,'2019-08-06 09:11:39','1984-04-10 15:34:59','1973-07-15 19:04:50','2021-09-19 21:00:21',1),(1,23,'2021-01-07 06:27:39','2003-01-09 22:33:43','1984-08-03 03:39:11','2021-09-19 21:00:21',2),(1,24,'1981-06-24 18:08:07','2018-11-10 21:13:05','2008-03-12 04:37:45','2021-09-19 21:00:21',3),(1,25,'2020-02-15 16:22:07','1978-11-25 20:21:02','1992-02-22 12:02:07','2021-09-19 21:00:21',1),(1,26,'2012-09-29 13:56:41','2017-02-12 11:23:58','2016-10-22 20:22:38','2021-09-19 21:00:21',2),(1,27,'1972-12-14 22:53:54','2016-08-06 07:58:07','2000-01-03 11:50:13','2021-09-19 21:00:21',3),(1,28,'1984-07-30 00:04:16','1997-05-11 03:09:41','1989-06-21 00:59:16','2021-09-19 21:00:21',1),(1,29,'2011-04-14 20:18:45','1989-08-09 19:12:37','2019-10-11 15:14:36','2021-09-19 21:00:21',2),(1,39,'1991-07-10 08:17:48','1983-01-06 12:53:53','2000-12-01 03:14:39','2021-09-19 21:02:11',1),(2,1,'2021-09-19 21:10:48',NULL,'2021-09-19 21:10:48','2021-09-19 21:10:48',2),(5,1,'2021-09-19 21:10:53',NULL,'2021-09-19 21:10:53','2021-09-19 21:10:53',2),(30,1,'2003-05-31 02:25:07','2017-01-23 19:36:30','1970-09-13 00:54:56','2021-09-19 21:03:17',3),(31,1,'1987-06-05 01:08:13','1981-06-06 17:26:25','1992-05-18 18:03:17','2021-09-19 21:03:17',1),(32,1,'2001-03-18 09:48:06','1970-09-09 05:24:10','2002-02-26 21:26:46','2021-09-19 21:03:17',2),(33,1,'2004-02-03 11:40:33','1996-12-16 22:33:36','2008-11-19 13:39:38','2021-09-19 21:03:17',3),(34,1,'1977-04-09 17:25:17','2000-12-27 21:09:46','2014-05-30 01:05:12','2021-09-19 21:03:17',1),(35,1,'1974-05-12 14:26:42','1976-03-29 21:56:51','1993-11-05 11:09:13','2021-09-19 21:03:17',2),(36,1,'1987-03-12 14:50:28','1972-04-01 03:05:02','1980-06-11 13:49:03','2021-09-19 21:03:17',3),(37,1,'2002-06-01 22:54:08','1977-09-14 11:19:03','2010-12-23 03:29:56','2021-09-19 21:03:17',1),(38,1,'1996-07-22 06:52:17','2005-10-18 09:51:45','2011-11-16 15:29:26','2021-09-19 21:03:17',2),(39,1,'1980-10-01 13:08:43','2011-11-29 03:34:31','2020-06-03 16:58:07','2021-09-19 21:03:17',3),(40,1,'1988-09-17 02:14:46','2005-12-20 09:04:42','1990-07-02 12:42:37','2021-09-19 21:03:17',1),(41,1,'1987-03-09 06:31:53','2005-12-01 00:57:20','2017-07-01 05:38:12','2021-09-19 21:03:17',2),(42,1,'1994-06-02 23:35:36','1973-10-03 09:27:24','2012-07-12 04:35:00','2021-09-19 21:03:17',3),(43,1,'1982-01-26 11:00:38','2011-10-08 19:22:12','2003-08-15 13:54:47','2021-09-19 21:03:17',1),(44,1,'2014-07-26 01:55:19','2010-10-20 16:09:45','1999-03-15 11:27:37','2021-09-19 21:03:17',2),(45,1,'1994-03-06 12:54:48','2015-03-15 01:27:23','1992-07-13 01:02:56','2021-09-19 21:03:17',3),(46,1,'2017-10-03 14:02:53','1978-08-05 01:13:43','1989-01-15 16:24:57','2021-09-19 21:03:17',1),(47,1,'2010-11-17 03:12:37','2011-11-06 23:04:22','2009-03-23 19:52:11','2021-09-19 21:03:17',2),(48,1,'2007-09-12 19:17:32','2006-11-01 11:53:39','1991-06-24 01:14:53','2021-09-19 21:03:17',3),(49,1,'2016-07-27 22:15:04','2021-02-02 13:45:15','2006-11-11 04:07:37','2021-09-19 21:03:17',1),(50,50,'1983-04-29 11:56:03','1977-11-10 04:40:04','1987-10-16 13:40:44','1993-11-05 06:58:53',2),(51,51,'1985-02-01 03:50:55','1993-11-05 19:30:09','2005-10-06 08:14:01','2004-12-29 01:53:24',3),(52,52,'2005-02-15 08:30:16','1971-06-28 21:57:01','1986-06-15 17:44:30','1982-09-26 09:51:40',1),(53,53,'2005-12-23 10:33:59','2002-07-07 15:24:37','2002-01-17 19:44:38','1979-10-22 14:51:55',2),(54,54,'1972-01-18 04:39:14','2003-01-03 00:45:03','1977-11-05 05:55:27','1993-06-14 11:37:31',3),(55,55,'2019-01-27 21:34:13','2010-09-10 08:10:33','2020-11-08 05:10:07','1989-07-05 15:17:21',1),(56,56,'1990-07-24 06:20:44','2020-05-18 15:17:46','1972-02-19 19:05:33','2006-06-13 01:32:33',2),(57,57,'2011-10-24 10:06:28','1990-04-29 20:41:38','1985-11-17 13:54:56','1981-12-18 21:38:02',3),(58,58,'2010-02-23 20:18:17','1986-12-27 02:23:06','1975-09-24 17:56:17','2020-01-23 16:56:41',1),(59,59,'2002-06-15 01:07:59','1986-02-08 14:36:17','1978-02-24 09:52:50','1990-08-31 14:31:10',2),(60,60,'1984-08-06 15:49:11','1985-10-30 17:09:20','2002-02-15 15:54:56','2000-11-03 05:04:12',3),(61,61,'1987-10-25 00:13:10','2012-09-16 05:35:29','1972-10-04 01:56:21','1972-02-22 21:57:47',1),(62,62,'2009-04-04 18:32:28','1986-03-19 13:16:26','2020-03-17 04:04:52','1972-03-03 12:26:21',2),(63,63,'1990-04-10 23:11:09','1986-04-29 23:03:20','1975-09-23 05:22:51','2013-08-26 07:57:23',3),(64,64,'2020-12-29 10:30:46','2021-07-13 12:10:10','1986-10-24 06:24:02','1975-03-29 01:34:28',1),(65,65,'2006-01-14 15:44:12','1998-03-25 09:06:04','1982-05-23 11:54:21','2015-11-12 15:14:02',2),(66,66,'1978-07-01 17:51:47','1979-07-30 06:03:30','1999-09-03 04:20:40','2007-06-11 08:25:36',3),(67,67,'1995-01-01 20:41:51','1994-11-07 05:16:49','2003-10-15 17:25:55','1992-12-28 21:26:44',1),(68,68,'2001-10-26 13:12:01','1973-09-14 02:42:11','2018-08-07 08:38:25','2013-11-05 23:29:58',2),(69,69,'1990-12-25 14:57:17','2010-09-15 14:05:56','1987-08-13 21:43:46','1980-11-09 19:34:38',3),(70,70,'1984-06-15 06:53:50','2009-10-20 00:43:07','1989-04-14 00:11:22','2002-05-29 15:15:40',1),(71,71,'1974-08-17 15:51:16','1989-03-24 08:28:13','2005-11-20 20:21:37','1999-07-27 11:51:44',2),(72,72,'1998-01-26 20:48:53','2014-03-09 12:55:10','1972-07-01 02:52:17','1992-03-21 06:23:26',3),(73,73,'1970-04-29 04:53:54','1977-05-30 15:30:54','1978-01-25 09:36:23','1979-10-08 14:43:35',1),(74,74,'1973-03-11 09:25:35','1997-09-28 05:01:15','1976-05-05 21:45:25','2018-10-15 21:11:43',2),(75,75,'2000-10-29 05:06:39','1998-06-11 15:19:05','1985-03-07 15:07:34','1998-08-15 12:20:35',3),(76,76,'1977-05-17 08:52:11','2001-10-01 11:39:15','1995-04-03 23:37:55','2016-02-13 06:29:46',1),(77,77,'1989-10-27 05:27:00','2017-12-30 22:35:35','2001-03-20 21:20:45','1972-03-27 09:13:32',2),(78,78,'2001-01-12 13:57:31','2014-11-30 00:18:27','2001-03-28 00:17:40','2010-03-31 20:23:16',3),(79,79,'2009-08-19 19:30:11','1980-12-12 20:33:49','1989-08-13 19:33:32','1998-08-23 11:59:02',1),(80,80,'2007-01-08 13:49:48','1971-06-08 16:32:31','1999-08-27 09:38:51','2020-07-31 00:18:15',2),(81,81,'1979-07-11 06:06:10','2012-05-07 14:21:33','1978-11-13 07:26:40','1994-10-16 05:37:43',3),(82,82,'1975-11-19 08:45:11','2003-12-28 22:54:44','1990-04-04 09:24:20','2020-11-02 08:57:36',1),(83,83,'2013-03-31 17:39:10','1992-05-16 00:10:30','1977-03-05 04:55:27','1977-05-15 06:13:00',2),(84,84,'1991-12-11 18:23:56','2020-05-13 08:12:05','1976-05-15 22:39:03','2018-08-09 22:25:19',3),(85,85,'1999-02-27 20:15:46','2003-01-24 01:14:18','1984-01-16 12:21:30','1987-10-24 10:42:48',1),(86,86,'1984-12-06 16:17:01','1986-11-19 06:09:32','2009-11-17 22:28:45','1971-10-07 00:23:32',2),(87,87,'1994-10-20 20:52:02','2018-06-16 14:47:43','1972-12-02 02:37:54','2016-10-02 04:37:45',3),(88,88,'1972-05-22 17:51:51','1975-02-26 14:59:32','1987-03-13 18:07:51','1972-10-07 23:57:20',1),(89,89,'1971-07-07 20:35:17','1998-08-18 11:08:18','2000-11-19 04:08:58','2017-05-16 17:08:33',2),(90,90,'1972-03-12 07:23:28','1974-03-27 19:53:23','1983-08-27 14:16:33','2015-08-08 16:20:47',3),(91,91,'1971-07-31 16:28:32','1980-03-01 10:54:27','2021-04-16 04:48:55','2002-08-20 05:43:53',1),(92,92,'2003-05-11 06:09:26','1971-03-11 03:10:27','2001-06-12 14:03:51','2003-05-27 08:44:30',2),(93,93,'1975-12-16 12:53:25','1994-08-18 10:54:02','1974-10-11 11:59:21','1974-08-23 22:31:30',3),(94,94,'2008-09-25 21:19:27','2010-07-11 23:30:23','2001-12-25 04:00:51','1982-10-20 05:47:47',1),(95,95,'1993-06-21 17:01:04','2019-10-12 10:20:36','2014-04-08 18:10:14','2007-11-06 19:38:15',2),(96,96,'1998-04-02 10:06:01','1990-02-05 16:52:34','1995-12-09 19:34:03','1972-08-24 03:06:39',3),(97,97,'2003-06-15 22:46:20','1993-02-11 19:24:07','2004-09-27 04:37:46','2001-03-03 07:45:35',1),(98,98,'2009-08-17 02:00:42','1978-01-01 03:34:14','2001-03-03 00:36:57','2007-07-17 05:10:42',2),(99,99,'1971-01-31 23:31:43','2002-05-05 12:14:08','2001-02-26 07:57:22','1995-06-04 16:29:02',3),(100,100,'1980-09-14 03:08:14','1992-09-07 22:56:31','1991-05-14 02:46:04','1999-07-05 15:15:37',1);
/*!40000 ALTER TABLE `friendship` ENABLE KEYS */;
UNLOCK TABLES;

--
-- Table structure for table `friendship_request_types`
--

DROP TABLE IF EXISTS `friendship_request_types`;
/*!40101 SET @saved_cs_client     = @@character_set_client */;
/*!50503 SET character_set_client = utf8mb4 */;
CREATE TABLE `friendship_request_types` (
  `id` int unsigned NOT NULL AUTO_INCREMENT COMMENT 'Идентификатор строки',
  `name` varchar(150) NOT NULL COMMENT 'Название статуса',
  `created_at` datetime DEFAULT CURRENT_TIMESTAMP COMMENT 'Время создания строки',
  `updated_at` datetime DEFAULT CURRENT_TIMESTAMP ON UPDATE CURRENT_TIMESTAMP COMMENT 'Время обновления строки',
  PRIMARY KEY (`id`),
  UNIQUE KEY `name` (`name`)
) ENGINE=InnoDB AUTO_INCREMENT=4 DEFAULT CHARSET=utf8mb4 COLLATE=utf8mb4_0900_ai_ci COMMENT='Типы запроса на дружбы';
/*!40101 SET character_set_client = @saved_cs_client */;

--
-- Dumping data for table `friendship_request_types`
--

LOCK TABLES `friendship_request_types` WRITE;
/*!40000 ALTER TABLE `friendship_request_types` DISABLE KEYS */;
INSERT INTO `friendship_request_types` VALUES (1,'molestiae','2013-07-27 18:30:26','1986-02-22 04:16:32'),(2,'subscribtion','2021-06-15 01:06:54','2021-09-19 20:54:32'),(3,'block','2005-07-12 15:46:42','2021-09-19 20:54:38');
/*!40000 ALTER TABLE `friendship_request_types` ENABLE KEYS */;
UNLOCK TABLES;

--
-- Table structure for table `likes`
--

DROP TABLE IF EXISTS `likes`;
/*!40101 SET @saved_cs_client     = @@character_set_client */;
/*!50503 SET character_set_client = utf8mb4 */;
CREATE TABLE `likes` (
  `id` int unsigned NOT NULL AUTO_INCREMENT,
  `user_id` int unsigned NOT NULL,
  `target_id` int unsigned NOT NULL COMMENT 'Ссылка на экземпляр лайкаемой сущности',
  `target_type_id` int unsigned NOT NULL COMMENT 'Ссылка тип экземпляр лайкаемой сущности',
  `created_at` datetime DEFAULT CURRENT_TIMESTAMP,
  PRIMARY KEY (`id`),
  KEY `likes_user_id` (`user_id`),
  KEY `likes_target_type_id` (`target_type_id`),
  CONSTRAINT `likes_target_type_id` FOREIGN KEY (`target_type_id`) REFERENCES `target_types` (`id`),
  CONSTRAINT `likes_user_id` FOREIGN KEY (`user_id`) REFERENCES `users` (`id`)
) ENGINE=InnoDB AUTO_INCREMENT=101 DEFAULT CHARSET=utf8mb4 COLLATE=utf8mb4_0900_ai_ci;
/*!40101 SET character_set_client = @saved_cs_client */;

--
-- Dumping data for table `likes`
--

LOCK TABLES `likes` WRITE;
/*!40000 ALTER TABLE `likes` DISABLE KEYS */;
INSERT INTO `likes` VALUES (1,14,69,1,'2021-09-19 22:21:25'),(2,16,67,3,'2021-09-19 22:21:25'),(3,17,35,1,'2021-09-19 22:21:25'),(4,16,5,3,'2021-09-19 22:21:25'),(5,77,46,1,'2021-09-19 22:21:25'),(6,69,39,3,'2021-09-19 22:21:25'),(7,25,59,1,'2021-09-19 22:21:25'),(8,10,100,2,'2021-09-19 22:21:25'),(9,30,54,3,'2021-09-19 22:21:25'),(10,30,15,3,'2021-09-19 22:21:25'),(11,71,5,1,'2021-09-19 22:21:25'),(12,41,72,2,'2021-09-19 22:21:25'),(13,65,17,3,'2021-09-19 22:21:25'),(14,85,62,2,'2021-09-19 22:21:25'),(15,98,17,3,'2021-09-19 22:21:25'),(16,98,21,1,'2021-09-19 22:21:25'),(17,84,92,1,'2021-09-19 22:21:25'),(18,62,85,2,'2021-09-19 22:21:25'),(19,37,68,1,'2021-09-19 22:21:25'),(20,40,12,2,'2021-09-19 22:21:25'),(21,71,28,1,'2021-09-19 22:21:25'),(22,52,79,2,'2021-09-19 22:21:25'),(23,44,13,1,'2021-09-19 22:21:25'),(24,22,13,3,'2021-09-19 22:21:25'),(25,53,71,3,'2021-09-19 22:21:25'),(26,48,65,3,'2021-09-19 22:21:25'),(27,1,66,1,'2021-09-19 22:21:25'),(28,34,91,2,'2021-09-19 22:21:25'),(29,78,38,2,'2021-09-19 22:21:25'),(30,63,48,2,'2021-09-19 22:21:25'),(31,17,28,3,'2021-09-19 22:21:25'),(32,53,1,2,'2021-09-19 22:21:25'),(33,22,74,1,'2021-09-19 22:21:25'),(34,96,68,2,'2021-09-19 22:21:25'),(35,50,98,2,'2021-09-19 22:21:25'),(36,6,10,1,'2021-09-19 22:21:25'),(37,26,36,1,'2021-09-19 22:21:25'),(38,97,82,1,'2021-09-19 22:21:25'),(39,40,49,1,'2021-09-19 22:21:25'),(40,77,8,1,'2021-09-19 22:21:25'),(41,25,94,3,'2021-09-19 22:21:25'),(42,97,97,3,'2021-09-19 22:21:25'),(43,69,69,2,'2021-09-19 22:21:25'),(44,77,75,2,'2021-09-19 22:21:25'),(45,90,19,1,'2021-09-19 22:21:25'),(46,67,58,3,'2021-09-19 22:21:25'),(47,82,35,1,'2021-09-19 22:21:25'),(48,40,11,2,'2021-09-19 22:21:25'),(49,47,27,3,'2021-09-19 22:21:25'),(50,77,8,1,'2021-09-19 22:21:25'),(51,24,89,3,'2021-09-19 22:21:25'),(52,8,12,2,'2021-09-19 22:21:25'),(53,45,16,2,'2021-09-19 22:21:25'),(54,65,97,3,'2021-09-19 22:21:25'),(55,50,87,3,'2021-09-19 22:21:25'),(56,54,18,1,'2021-09-19 22:21:25'),(57,98,96,3,'2021-09-19 22:21:25'),(58,45,64,3,'2021-09-19 22:21:25'),(59,33,10,2,'2021-09-19 22:21:25'),(60,20,48,3,'2021-09-19 22:21:25'),(61,63,67,2,'2021-09-19 22:21:25'),(62,43,68,1,'2021-09-19 22:21:25'),(63,51,19,2,'2021-09-19 22:21:25'),(64,65,89,2,'2021-09-19 22:21:25'),(65,75,30,1,'2021-09-19 22:21:25'),(66,40,21,3,'2021-09-19 22:21:25'),(67,53,13,1,'2021-09-19 22:21:25'),(68,95,55,3,'2021-09-19 22:21:25'),(69,75,11,1,'2021-09-19 22:21:25'),(70,7,51,2,'2021-09-19 22:21:25'),(71,19,90,3,'2021-09-19 22:21:25'),(72,92,82,2,'2021-09-19 22:21:25'),(73,23,13,3,'2021-09-19 22:21:25'),(74,34,85,1,'2021-09-19 22:21:25'),(75,59,26,2,'2021-09-19 22:21:25'),(76,82,54,1,'2021-09-19 22:21:25'),(77,49,80,2,'2021-09-19 22:21:25'),(78,10,1,3,'2021-09-19 22:21:25'),(79,62,91,2,'2021-09-19 22:21:25'),(80,62,8,2,'2021-09-19 22:21:25'),(81,40,40,3,'2021-09-19 22:21:25'),(82,79,57,2,'2021-09-19 22:21:25'),(83,52,25,3,'2021-09-19 22:21:25'),(84,63,12,3,'2021-09-19 22:21:25'),(85,22,92,3,'2021-09-19 22:21:25'),(86,6,39,3,'2021-09-19 22:21:25'),(87,61,78,1,'2021-09-19 22:21:25'),(88,97,66,2,'2021-09-19 22:21:25'),(89,85,15,1,'2021-09-19 22:21:25'),(90,50,91,1,'2021-09-19 22:21:25'),(91,62,87,2,'2021-09-19 22:21:25'),(92,79,52,1,'2021-09-19 22:21:25'),(93,60,29,2,'2021-09-19 22:21:25'),(94,32,69,2,'2021-09-19 22:21:25'),(95,34,23,1,'2021-09-19 22:21:25'),(96,91,19,1,'2021-09-19 22:21:25'),(97,57,17,1,'2021-09-19 22:21:25'),(98,4,88,1,'2021-09-19 22:21:25'),(99,70,70,2,'2021-09-19 22:21:25'),(100,90,30,3,'2021-09-19 22:21:25');
/*!40000 ALTER TABLE `likes` ENABLE KEYS */;
UNLOCK TABLES;

--
-- Table structure for table `media`
--

DROP TABLE IF EXISTS `media`;
/*!40101 SET @saved_cs_client     = @@character_set_client */;
/*!50503 SET character_set_client = utf8mb4 */;
CREATE TABLE `media` (
  `id` int unsigned NOT NULL AUTO_INCREMENT COMMENT 'Идентификатор строки',
  `filename` varchar(255) NOT NULL COMMENT 'Путь к файлу',
  `size` int NOT NULL COMMENT 'Размер файла',
  `created_at` datetime DEFAULT CURRENT_TIMESTAMP COMMENT 'Время создания строки',
  `updated_at` datetime DEFAULT CURRENT_TIMESTAMP ON UPDATE CURRENT_TIMESTAMP COMMENT 'Время обновления строки',
  `media_type_id` int unsigned NOT NULL COMMENT 'Ссылка на тип файла',
  `metadata` json DEFAULT NULL,
  PRIMARY KEY (`id`),
  UNIQUE KEY `filename` (`filename`),
  KEY `media_media_type_id` (`media_type_id`),
  CONSTRAINT `media_media_type_id` FOREIGN KEY (`media_type_id`) REFERENCES `media_types` (`id`)
) ENGINE=InnoDB AUTO_INCREMENT=101 DEFAULT CHARSET=utf8mb4 COLLATE=utf8mb4_0900_ai_ci COMMENT='Медиафайлы';
/*!40101 SET character_set_client = @saved_cs_client */;

--
-- Dumping data for table `media`
--

LOCK TABLES `media` WRITE;
/*!40000 ALTER TABLE `media` DISABLE KEYS */;
INSERT INTO `media` VALUES (1,'magni',818,'2003-06-15 18:03:52','2021-09-19 21:47:15',1,'{\"extention\": \"png\", \"resolution\": \"5100x3800\"}'),(2,'qui',699,'1981-05-26 12:10:14','2009-09-21 22:25:08',2,NULL),(3,'sint',45275,'2021-03-01 01:49:27','2021-09-19 21:50:17',3,'{\"duration\": \"12:43:3\", \"extention\": \"mp3\"}'),(4,'molestiae',206,'1979-05-06 06:34:39','1989-11-17 07:09:01',4,NULL),(5,'et',827,'1972-04-29 11:09:29','2000-11-16 10:53:28',5,NULL),(6,'voluptatem',4290,'1986-06-03 11:08:05','2021-09-19 21:47:15',1,'{\"extention\": \"png\", \"resolution\": \"1700x3100\"}'),(7,'earum',4,'1974-11-12 02:22:12','2011-12-17 03:30:57',2,NULL),(8,'voluptas',83404,'1999-11-24 14:41:32','2021-09-19 21:50:17',3,'{\"duration\": \"50:15:43\", \"extention\": \"mp3\"}'),(9,'dolore',7,'2007-09-25 22:17:34','2016-11-04 14:14:27',4,NULL),(10,'quis',853,'2019-06-05 08:48:14','2014-02-14 14:55:13',5,NULL),(11,'cum',2,'1974-02-22 03:58:30','2021-09-19 21:47:15',1,'{\"extention\": \"jpeg\", \"resolution\": \"5000x6100\"}'),(12,'rem',8,'1978-01-28 08:08:14','1977-04-19 12:13:35',2,NULL),(13,'sit',8,'2001-11-07 08:18:11','2021-09-19 21:50:17',3,'{\"duration\": \"9:11:25\", \"extention\": \"mp3\"}'),(14,'itaque',3,'2016-12-20 19:56:15','2004-05-22 09:05:14',4,NULL),(15,'eligendi',2175,'1991-03-18 18:51:55','2004-04-26 17:38:38',5,NULL),(16,'rerum',1179,'2012-09-29 17:58:30','2021-09-19 21:47:15',1,'{\"extention\": \"png\", \"resolution\": \"3100x200\"}'),(17,'aliquam',68,'1992-10-10 07:51:27','2010-03-16 10:06:58',2,NULL),(18,'aut',7265,'1977-08-22 12:15:48','2021-09-19 21:50:17',3,'{\"duration\": \"42:46:43\", \"extention\": \"wav\"}'),(19,'ducimus',893400076,'2010-04-15 11:24:06','2011-11-30 08:21:23',4,NULL),(20,'vel',0,'1997-12-04 14:06:59','2017-05-01 18:49:27',5,NULL),(21,'est',69043,'2005-12-06 15:05:01','2021-09-19 21:47:15',1,'{\"extention\": \"png\", \"resolution\": \"300x2400\"}'),(22,'similique',7974368,'1977-07-10 20:34:38','1986-08-31 08:10:31',2,NULL),(23,'fugiat',93,'1999-01-08 13:01:40','2021-09-19 21:50:17',3,'{\"duration\": \"38:6:30\", \"extention\": \"wav\"}'),(24,'mollitia',8,'2010-04-21 11:59:42','1974-08-27 21:15:47',4,NULL),(25,'consequatur',59445808,'2013-03-25 01:41:47','2002-06-06 11:45:03',5,NULL),(26,'soluta',0,'2015-11-30 18:00:23','2021-09-19 21:47:15',1,'{\"extention\": \"jpeg\", \"resolution\": \"3200x2200\"}'),(27,'quia',782135381,'1985-05-18 12:47:28','2014-12-22 09:41:52',2,NULL),(28,'nihil',0,'2006-05-16 20:21:50','2021-09-19 21:50:17',3,'{\"duration\": \"3:17:17\", \"extention\": \"mp3\"}'),(29,'eaque',26187512,'1984-07-31 17:01:56','2002-11-01 04:02:17',4,NULL),(30,'perspiciatis',6,'1992-03-13 17:16:55','2004-11-19 18:52:15',5,NULL),(31,'laudantium',86340713,'1990-11-16 15:39:52','2021-09-19 21:47:15',1,'{\"extention\": \"jpeg\", \"resolution\": \"200x3000\"}'),(32,'suscipit',695089454,'2020-01-22 05:01:23','2017-09-09 16:01:41',2,NULL),(33,'ad',8055609,'1970-12-10 03:05:10','2021-09-19 21:50:17',3,'{\"duration\": \"50:40:48\", \"extention\": \"wav\"}'),(34,'maxime',80268,'1971-11-19 01:35:50','2011-09-15 12:36:00',4,NULL),(35,'adipisci',3838,'2011-07-17 12:50:00','2005-10-20 01:52:45',5,NULL),(36,'quo',8883987,'2001-06-29 22:18:39','2021-09-19 21:47:15',1,'{\"extention\": \"jpeg\", \"resolution\": \"300x2000\"}'),(37,'magnam',77404,'1988-11-07 20:08:53','1998-02-08 13:06:08',2,NULL),(38,'ea',6305871,'1985-10-11 10:08:10','2021-09-19 21:50:17',3,'{\"duration\": \"53:18:48\", \"extention\": \"wav\"}'),(39,'minus',50180961,'1986-02-21 16:14:12','2013-12-20 08:54:09',4,NULL),(40,'ipsa',1841,'2001-04-23 18:02:23','1977-12-24 06:39:27',5,NULL),(41,'eum',458225,'1987-12-11 01:01:22','2021-09-19 21:47:15',1,'{\"extention\": \"jpeg\", \"resolution\": \"1000x3400\"}'),(42,'eos',97,'1970-06-26 03:34:56','2004-02-26 04:33:53',2,NULL),(43,'error',465936483,'2014-02-14 15:27:37','2021-09-19 21:50:17',3,'{\"duration\": \"19:8:41\", \"extention\": \"wav\"}'),(44,'id',1,'1982-09-07 23:45:19','1995-04-01 02:24:58',4,NULL),(45,'hic',40,'1971-06-01 05:57:59','1985-03-09 12:33:30',5,NULL),(46,'dolor',960,'2018-08-26 14:44:43','2021-09-19 21:47:15',1,'{\"extention\": \"jpeg\", \"resolution\": \"2100x600\"}'),(47,'officiis',60940,'1995-03-05 02:58:22','2006-08-10 12:34:52',2,NULL),(48,'sapiente',73349344,'1980-02-25 01:14:04','2021-09-19 21:50:17',3,'{\"duration\": \"33:22:11\", \"extention\": \"mp3\"}'),(49,'pariatur',20,'1997-05-14 04:35:02','1991-03-07 16:58:45',4,NULL),(50,'minima',27733604,'1971-07-14 15:31:14','1978-11-21 22:05:20',5,NULL),(51,'saepe',3596,'1977-04-15 04:11:42','2021-09-19 21:47:15',1,'{\"extention\": \"png\", \"resolution\": \"600x300\"}'),(52,'ex',8,'1993-12-13 08:45:25','2002-06-24 22:45:03',2,NULL),(53,'autem',1861125,'2009-06-15 09:31:29','2021-09-19 21:50:17',3,'{\"duration\": \"26:48:44\", \"extention\": \"wav\"}'),(54,'molestias',78382140,'2020-12-17 10:25:48','1993-08-03 07:21:36',4,NULL),(55,'architecto',506751305,'1988-04-30 09:53:35','1989-06-10 15:13:51',5,NULL),(56,'enim',8,'1995-01-19 16:35:04','2021-09-19 21:47:15',1,'{\"extention\": \"png\", \"resolution\": \"3800x800\"}'),(57,'eveniet',3943,'1998-06-26 17:17:01','2010-12-03 19:33:59',2,NULL),(58,'non',7893602,'2014-02-22 15:55:21','2021-09-19 21:50:17',3,'{\"duration\": \"21:45:46\", \"extention\": \"mp3\"}'),(59,'consectetur',11520,'1987-03-23 00:40:58','1973-02-15 01:47:26',4,NULL),(60,'corporis',54401,'1985-05-06 11:32:38','2019-03-29 11:51:57',5,NULL),(61,'repellat',0,'1978-03-20 03:12:16','2021-09-19 21:47:15',1,'{\"extention\": \"png\", \"resolution\": \"5300x4100\"}'),(62,'ullam',1028654,'1994-01-25 19:28:22','1993-12-19 21:30:04',2,NULL),(63,'possimus',0,'2021-01-24 03:08:24','2021-09-19 21:50:17',3,'{\"duration\": \"41:37:6\", \"extention\": \"mp3\"}'),(64,'temporibus',18,'2021-09-12 11:21:46','1989-06-13 08:46:48',4,NULL),(65,'velit',8,'2015-01-13 16:45:52','2001-02-16 03:54:41',5,NULL),(66,'impedit',60,'2018-02-12 07:10:48','2021-09-19 21:47:15',1,'{\"extention\": \"png\", \"resolution\": \"4100x700\"}'),(67,'reiciendis',958936,'1989-06-16 20:31:52','1999-12-15 16:26:59',2,NULL),(68,'at',43207,'2013-06-07 22:40:01','2021-09-19 21:50:17',3,'{\"duration\": \"36:20:51\", \"extention\": \"wav\"}'),(69,'sequi',7417846,'1985-06-05 15:33:44','2000-11-14 05:31:21',4,NULL),(70,'consequuntur',0,'2001-04-25 07:53:26','1987-01-25 06:06:32',5,NULL),(71,'nesciunt',0,'1983-12-07 08:36:56','2021-09-19 21:47:15',1,'{\"extention\": \"png\", \"resolution\": \"2500x2200\"}'),(72,'distinctio',7516,'2009-05-02 18:26:10','1976-06-18 22:11:12',2,NULL),(73,'iste',1357348,'1987-05-20 04:35:50','2021-09-19 21:50:17',3,'{\"duration\": \"50:24:27\", \"extention\": \"wav\"}'),(74,'a',7876033,'1999-05-15 00:19:38','1998-06-21 14:32:41',4,NULL),(75,'ut',10,'1994-10-27 09:18:44','2007-10-13 08:05:48',5,NULL),(76,'sed',209,'2009-09-13 06:57:29','2021-09-19 21:47:15',1,'{\"extention\": \"png\", \"resolution\": \"5000x1600\"}'),(77,'illum',4789,'1972-07-18 01:29:36','2003-10-30 15:49:23',2,NULL),(78,'esse',292207,'2009-03-01 22:01:03','2021-09-19 21:50:17',3,'{\"duration\": \"2:50:14\", \"extention\": \"mp3\"}'),(79,'ipsum',3,'1976-03-10 01:49:31','1972-10-23 03:36:58',4,NULL),(80,'libero',6366602,'2005-08-26 22:35:06','1988-01-18 09:51:06',5,NULL),(81,'omnis',1967,'1986-05-27 08:31:55','2021-09-19 21:47:15',1,'{\"extention\": \"png\", \"resolution\": \"3300x100\"}'),(82,'perferendis',3138,'1978-07-17 13:13:15','1986-02-26 10:15:44',2,NULL),(83,'illo',228210428,'1973-02-08 15:03:09','2021-09-19 21:50:17',3,'{\"duration\": \"16:34:4\", \"extention\": \"mp3\"}'),(84,'aperiam',1,'2006-02-06 04:39:35','1989-11-13 20:05:38',4,NULL),(85,'voluptatum',737213,'1996-03-25 02:19:37','1985-10-30 22:53:27',5,NULL),(86,'unde',8044,'1984-03-18 14:06:28','2021-09-19 21:47:15',1,'{\"extention\": \"jpeg\", \"resolution\": \"4200x4200\"}'),(87,'quisquam',0,'1999-12-11 20:04:43','2020-08-15 13:33:40',2,NULL),(88,'in',141181120,'1989-02-02 09:04:55','2021-09-19 21:50:17',3,'{\"duration\": \"45:6:9\", \"extention\": \"wav\"}'),(89,'veritatis',60875413,'1999-09-04 23:46:50','1994-05-22 14:17:24',4,NULL),(90,'officia',58822095,'1979-09-04 13:34:02','2005-01-12 00:40:20',5,NULL),(91,'beatae',53446190,'1987-02-27 08:34:51','2021-09-19 21:47:15',1,'{\"extention\": \"jpeg\", \"resolution\": \"4500x3300\"}'),(92,'quaerat',6861895,'1979-01-26 13:54:33','1991-03-19 03:12:23',2,NULL),(93,'eius',2731340,'1991-09-07 03:55:43','2021-09-19 21:50:17',3,'{\"duration\": \"49:46:26\", \"extention\": \"mp3\"}'),(94,'accusamus',60716989,'2000-04-02 01:23:59','2010-06-06 18:34:06',4,NULL),(95,'placeat',7,'1994-03-23 21:07:41','1979-10-24 10:23:46',5,NULL),(96,'quod',0,'2015-03-08 22:28:15','2021-09-19 21:47:15',1,'{\"extention\": \"jpeg\", \"resolution\": \"4900x3100\"}'),(97,'nisi',51047,'1993-11-06 03:55:17','1978-10-30 12:27:06',2,NULL),(98,'facere',99338548,'1999-10-19 00:35:49','2021-09-19 21:50:17',3,'{\"duration\": \"43:15:2\", \"extention\": \"wav\"}'),(99,'culpa',0,'1989-02-24 11:48:50','1987-08-29 18:27:56',4,NULL),(100,'laborum',78,'1982-02-11 16:53:19','1990-05-30 15:28:22',5,NULL);
/*!40000 ALTER TABLE `media` ENABLE KEYS */;
UNLOCK TABLES;

--
-- Table structure for table `media_types`
--

DROP TABLE IF EXISTS `media_types`;
/*!40101 SET @saved_cs_client     = @@character_set_client */;
/*!50503 SET character_set_client = utf8mb4 */;
CREATE TABLE `media_types` (
  `id` int unsigned NOT NULL AUTO_INCREMENT COMMENT 'Идентификатор строки',
  `name` varchar(255) NOT NULL COMMENT 'Название типа',
  `created_at` datetime DEFAULT CURRENT_TIMESTAMP COMMENT 'Время создания строки',
  `updated_at` datetime DEFAULT CURRENT_TIMESTAMP ON UPDATE CURRENT_TIMESTAMP COMMENT 'Время обновления строки',
  PRIMARY KEY (`id`),
  UNIQUE KEY `name` (`name`)
) ENGINE=InnoDB AUTO_INCREMENT=6 DEFAULT CHARSET=utf8mb4 COLLATE=utf8mb4_0900_ai_ci COMMENT='Типы медиафайлов';
/*!40101 SET character_set_client = @saved_cs_client */;

--
-- Dumping data for table `media_types`
--

LOCK TABLES `media_types` WRITE;
/*!40000 ALTER TABLE `media_types` DISABLE KEYS */;
INSERT INTO `media_types` VALUES (1,'image','1976-03-08 04:58:18','2021-09-19 21:39:30'),(2,'video','1988-10-16 14:00:41','2021-09-19 21:39:30'),(3,'audio','1991-09-17 00:17:48','2021-09-19 21:39:30'),(4,'gif','2011-03-17 00:09:00','2021-09-19 21:39:30'),(5,'file','2003-02-15 17:16:10','2021-09-19 21:39:30');
/*!40000 ALTER TABLE `media_types` ENABLE KEYS */;
UNLOCK TABLES;

--
-- Table structure for table `messages`
--

DROP TABLE IF EXISTS `messages`;
/*!40101 SET @saved_cs_client     = @@character_set_client */;
/*!50503 SET character_set_client = utf8mb4 */;
CREATE TABLE `messages` (
  `id` int unsigned NOT NULL AUTO_INCREMENT COMMENT 'Идентификатор строки',
  `from_user_id` int unsigned NOT NULL COMMENT 'Ссылка на отправителя сообщения',
  `to_user_id` int unsigned NOT NULL COMMENT 'Ссылка на получателя сообщения',
  `body` text NOT NULL COMMENT 'Текст сообщения',
  `is_important` tinyint(1) DEFAULT NULL COMMENT 'Признак важности',
  `is_delivered` tinyint(1) DEFAULT NULL COMMENT 'Признак доставки',
  `created_at` datetime DEFAULT CURRENT_TIMESTAMP COMMENT 'Время создания строки',
  `updated_at` datetime DEFAULT CURRENT_TIMESTAMP ON UPDATE CURRENT_TIMESTAMP COMMENT 'Время обновления строки',
  PRIMARY KEY (`id`),
  KEY `messages_from_user_id` (`from_user_id`),
  KEY `messages_to_user_id` (`to_user_id`),
  CONSTRAINT `messages_from_user_id` FOREIGN KEY (`from_user_id`) REFERENCES `users` (`id`),
  CONSTRAINT `messages_to_user_id` FOREIGN KEY (`to_user_id`) REFERENCES `users` (`id`)
) ENGINE=InnoDB AUTO_INCREMENT=101 DEFAULT CHARSET=utf8mb4 COLLATE=utf8mb4_0900_ai_ci COMMENT='Сообщения';
/*!40101 SET character_set_client = @saved_cs_client */;

--
-- Dumping data for table `messages`
--

LOCK TABLES `messages` WRITE;
/*!40000 ALTER TABLE `messages` DISABLE KEYS */;
INSERT INTO `messages` VALUES (1,1,1,'Et dolores voluptate impedit eius consequuntur mollitia. Aspernatur ipsam enim possimus non quos quo ut. Quis sunt perferendis ut.',0,1,'2016-06-09 11:14:00','2004-01-09 07:08:43'),(2,2,2,'Nam sint minima ut qui. Illo ut eveniet ut temporibus atque. Accusamus totam nobis esse ea placeat.',0,0,'1983-07-25 15:50:19','1991-07-20 00:34:46'),(3,3,3,'Est sunt est maxime modi ut qui voluptate. Sed distinctio ipsa voluptatem beatae maiores. Dolor voluptate et blanditiis ea.',1,1,'2004-02-02 06:23:22','2010-11-26 19:23:11'),(4,4,4,'Nobis aspernatur fuga iure nesciunt. Culpa omnis rerum officiis optio. Dolores consequuntur totam quis voluptatibus atque recusandae blanditiis.',0,0,'1990-06-02 05:29:14','1987-10-30 00:33:13'),(5,5,5,'Sit temporibus porro aut perspiciatis qui. Veritatis nesciunt adipisci perferendis voluptas libero omnis et nesciunt. Magnam illum libero pariatur unde et ex.',0,0,'2012-04-03 10:40:21','2011-04-23 09:47:31'),(6,6,6,'Et nisi molestias fugit. Facilis voluptatum consectetur et aspernatur qui. Et natus tempora quo sunt repellendus aliquam. Ullam et qui et ut nulla rerum ratione.',0,1,'1973-03-06 08:42:04','2004-02-16 14:42:45'),(7,7,7,'Eum aspernatur rem esse labore architecto optio voluptatem. Debitis tempore perspiciatis qui reprehenderit odio. Ea ab beatae a voluptate ipsam omnis.',1,0,'1983-11-10 23:50:23','2013-06-04 10:27:46'),(8,8,8,'Ea unde ut doloremque esse. Modi ut voluptates eos et praesentium. Ut est iure reprehenderit deleniti.',1,0,'1971-11-04 22:49:14','1978-06-03 07:43:59'),(9,9,9,'Ut necessitatibus magni odit laborum beatae. Magnam nobis cum alias porro optio voluptates rerum. Et nostrum quo dolores.',0,1,'1994-07-27 12:56:24','1982-03-05 14:24:41'),(10,10,10,'Non natus aliquid blanditiis et facere eos veniam. Totam error necessitatibus et distinctio assumenda pariatur dicta. Voluptatem eveniet dolorem qui distinctio praesentium ratione beatae qui. Alias praesentium deleniti laudantium.',1,1,'2008-01-30 05:02:05','2013-04-21 17:18:44'),(11,11,11,'Et in magnam error animi distinctio. Dolores excepturi odit voluptas nulla reprehenderit. Excepturi numquam vero aut autem nemo voluptatem. Est non earum molestiae dolores numquam nihil.',0,1,'1991-05-12 01:47:48','1975-08-08 19:41:54'),(12,12,12,'Voluptatem accusantium quibusdam voluptates doloribus sit. Quis esse aut ut. Numquam voluptate ullam ut ipsum fugit labore.',1,0,'1993-01-11 20:59:27','1983-06-17 17:03:06'),(13,13,13,'Natus neque et aut occaecati quasi. Facilis inventore illo incidunt aspernatur. Numquam quia ut occaecati qui.',1,0,'2014-09-15 18:53:26','2002-12-19 14:07:56'),(14,14,14,'Sequi et reiciendis vel voluptatem sed. Dolore qui deleniti ab omnis.',0,0,'1980-01-12 02:37:35','1988-12-25 15:23:01'),(15,15,15,'Ea fuga rerum adipisci eveniet natus blanditiis. Vel exercitationem rerum rerum nemo aliquid. Voluptatum laborum facilis dignissimos nam repellendus iure.',0,1,'1992-08-17 20:39:58','2018-10-02 08:24:45'),(16,16,16,'Expedita asperiores expedita molestiae omnis blanditiis repellat. Unde sed eos enim qui. Quo eligendi officiis ipsam. Alias iure molestiae sit eos vel. Tempore delectus dolore explicabo necessitatibus maiores.',0,0,'2003-08-02 07:41:24','1974-03-05 13:15:16'),(17,17,17,'Tempora provident nihil dolor corrupti sed molestiae ratione qui. Omnis voluptatem iusto et eveniet ipsum et atque. Nulla beatae et est quis facilis.',0,0,'1981-06-21 09:10:40','2019-06-19 18:34:31'),(18,18,18,'Cum quos perferendis ut officia consectetur quod voluptatum necessitatibus. Id facilis ea autem repudiandae. Cumque laborum est voluptatibus fugit consequuntur recusandae. Omnis et aspernatur quo sit pariatur quidem culpa error.',0,1,'2006-05-31 21:54:54','1975-02-07 17:30:45'),(19,19,19,'Necessitatibus reprehenderit accusantium natus illum. Deleniti nihil nihil aut et facere ea. Est facere quia rem ducimus. Consequuntur itaque vel non quasi odit et adipisci.',0,0,'1983-07-18 03:50:02','1999-08-27 17:59:39'),(20,20,20,'Tempora ut repudiandae porro dolores. Ut in recusandae voluptate eligendi. Voluptate dolore corrupti explicabo eos consectetur qui. Minus corrupti corrupti alias repellat in ut magnam.',1,0,'1987-03-26 14:13:23','2019-09-12 00:08:16'),(21,21,21,'Et quia sint praesentium molestiae voluptatem ipsam asperiores qui. Placeat quam nihil repudiandae voluptas architecto blanditiis. Error quae facere quasi cupiditate iste voluptas quos.',0,1,'1987-01-13 22:21:04','1992-08-02 01:04:26'),(22,22,22,'Dolore enim consequatur ut eum. Repudiandae quos aperiam aperiam ab aut hic possimus. Impedit voluptatum iure occaecati ad non fugiat. Ipsum vero quia accusantium porro.',1,1,'2018-10-20 16:24:17','1971-08-28 16:01:04'),(23,23,23,'Veniam soluta expedita aut cumque. In aut ducimus reiciendis non dolore. Deserunt dolorum suscipit illum et. Qui atque et qui ut et animi distinctio.',0,0,'2006-11-20 01:48:50','1985-12-27 10:09:27'),(24,24,24,'Deleniti eum odio quia et. Eum tempora illum error vitae.',1,1,'2005-10-11 17:41:20','2003-12-20 05:56:07'),(25,25,25,'Est reiciendis illo et et quia. Provident facilis iure nesciunt. Omnis odio aliquam consequatur est autem labore culpa. Ut laudantium veritatis at.',0,0,'1983-05-12 04:24:03','1977-03-03 11:08:29'),(26,26,26,'Minima autem totam atque natus perferendis delectus. Rerum temporibus inventore beatae nisi sed quibusdam. Ad sit et nihil eum minus. Quis voluptate maxime et consequatur voluptatem velit distinctio. Laboriosam dolorum officiis quisquam molestiae animi officia dolor.',0,1,'2007-10-19 21:57:48','1998-04-08 14:09:56'),(27,27,27,'Nobis et qui qui et numquam enim ut. Nobis accusamus ea ea inventore. Placeat autem harum id illo.',0,0,'1987-01-29 13:54:16','1982-05-06 13:09:22'),(28,28,28,'Sit excepturi animi omnis ipsam ut officia sed et. Occaecati qui ipsa incidunt eligendi nam provident. Nam pariatur temporibus reprehenderit id dolorem molestiae similique.',0,0,'2011-07-01 12:53:33','1999-01-10 08:26:08'),(29,29,29,'Exercitationem eveniet enim iusto excepturi. Ut recusandae quod hic sed est. Est ut aut recusandae et.',0,1,'1974-01-28 21:58:49','1977-02-04 18:38:36'),(30,30,30,'Sunt ut incidunt qui natus aut. Qui omnis velit quia ratione voluptatibus sint. Qui error error neque vitae.',0,0,'2017-05-24 14:23:04','2021-08-13 09:14:40'),(31,31,31,'Suscipit tempora amet asperiores nihil nisi. Aut in voluptas sit autem saepe unde. Aut atque error et.',1,1,'1982-07-15 03:22:34','1972-04-15 11:28:48'),(32,32,32,'Totam officia occaecati repellat quas et. Assumenda sint non ea nisi corrupti. Unde odit quam animi voluptatum et.',0,0,'2018-05-06 16:32:47','1974-02-17 20:35:47'),(33,33,33,'Eum magnam dolor molestiae tempore harum. Explicabo ipsam tempore cum est. Rerum voluptate dolorem officia inventore cum at hic.',1,1,'1981-01-07 04:44:45','1973-12-18 09:55:51'),(34,34,34,'Illo dolorem eaque sit quia amet corporis mollitia. A repudiandae quod in reiciendis eius et. Qui consequatur enim sequi veniam suscipit praesentium voluptatem. In similique perferendis voluptatem asperiores.',0,0,'1988-11-28 19:35:51','2004-03-26 09:46:56'),(35,35,35,'Excepturi repellendus corporis autem aut. Illo in labore et aspernatur culpa sed consectetur architecto. Officiis est voluptatem ad animi qui. Quasi est qui quae modi cumque magni quod placeat.',0,0,'2014-01-18 09:51:09','1999-04-20 10:21:36'),(36,36,36,'Et dicta neque animi numquam molestiae id possimus. Iure nisi excepturi error fugiat voluptas praesentium doloremque voluptas. Et in consequatur reiciendis reprehenderit consequuntur at. Provident et consectetur doloremque reiciendis.',1,1,'1980-08-21 21:26:11','2014-03-15 20:05:50'),(37,37,37,'Atque ut nemo tenetur minima ut aut atque. Aliquam et nihil vero excepturi. Fugit minus laboriosam maxime cum illo eius optio.',0,0,'1986-03-21 18:05:20','1987-10-09 20:42:02'),(38,38,38,'Incidunt sint sapiente laborum aut rerum praesentium. Illo aut commodi magni quia voluptate minima. Accusantium vitae nemo ipsa dolores architecto. Placeat perferendis rerum harum ut nulla ad.',1,1,'1971-10-24 05:37:15','1992-10-14 13:34:39'),(39,39,39,'Qui nisi nulla quod consequuntur qui. Dolores sit dicta repellat et rem. Illum ut non voluptas. Eveniet temporibus quo soluta.',0,1,'2015-06-25 15:48:12','1977-01-19 07:09:18'),(40,40,40,'Sunt ut esse ipsum. Ducimus quisquam eos voluptatem sapiente similique dolorem. Facere eum a et consectetur. Et accusamus cupiditate sit et.',1,0,'1970-09-14 00:12:55','2010-11-23 22:00:04'),(41,41,41,'Vero nihil ex et sit dolores. Vel rem qui culpa expedita tenetur vitae. Eaque nihil ut fugiat nesciunt tenetur quis. Occaecati officiis ipsum sunt.',0,1,'2008-05-02 10:46:58','2001-01-08 21:57:01'),(42,42,42,'Dolor quasi omnis dignissimos vitae cupiditate beatae non. Ut alias omnis repellat fugiat necessitatibus vitae. Autem error voluptatem quam esse et aliquid.',1,1,'2010-12-16 17:11:33','1994-01-14 15:23:40'),(43,43,43,'In tempore iste rerum esse laboriosam. Placeat quod necessitatibus occaecati quasi quas. Corrupti nihil et voluptate voluptatibus velit. Rem quia magnam fugit exercitationem atque. Consectetur sint amet enim nostrum.',0,1,'1972-11-05 02:58:03','1999-06-28 17:56:19'),(44,44,44,'Et cum autem omnis voluptatem. Autem quos similique optio. Iure perferendis expedita sint assumenda.',1,0,'2017-09-25 06:29:31','2021-02-25 03:19:40'),(45,45,45,'Suscipit eaque error iste. Dolorem eveniet repudiandae quisquam occaecati sit sit. Cumque reprehenderit consequatur velit est. Officiis optio quisquam sit et error sint et est. Quia alias quisquam eveniet cupiditate dolorem.',1,0,'1976-05-21 05:43:15','1975-06-10 00:37:27'),(46,46,46,'Ad molestias ullam atque fuga sunt quia voluptates ut. Voluptatibus deleniti et sapiente odit. Perferendis quia voluptatem pariatur velit aut. Consectetur exercitationem aut in aut autem voluptatem minima.',0,1,'2010-12-02 15:22:51','2020-05-28 18:41:55'),(47,47,47,'Itaque doloribus qui vero quas. Quae exercitationem culpa magni possimus eligendi similique. Autem sed ipsam reiciendis ut aut adipisci ut.',0,1,'1997-09-19 04:57:23','1983-02-04 04:35:42'),(48,48,48,'Vero fugiat labore esse et ea. Sed maiores sed autem aut amet numquam odio. Itaque et qui tempore cum ut aperiam eos ipsa. Dolor aperiam voluptatem nemo explicabo nisi quae.',1,1,'2021-01-18 04:16:45','1989-03-25 12:03:20'),(49,49,49,'Nostrum corrupti possimus possimus consequatur voluptate perspiciatis omnis. Deleniti voluptatum alias sit consectetur. Officia commodi molestiae cum consequatur. Quibusdam adipisci quaerat sunt magnam.',1,0,'2003-10-17 16:46:35','1995-07-19 14:48:14'),(50,50,50,'Et quae hic nisi quidem consectetur officiis. Illo autem nobis dolore sit et tempora et. Non et ratione illo odit eaque vel qui. Sint enim omnis eaque et.',1,0,'2014-03-01 01:08:05','1990-02-20 21:45:10'),(51,51,51,'Id minima officia est molestiae minus eaque aut. Qui velit officia eos qui rerum facere. Consequatur error amet est porro autem qui.',0,0,'1993-01-31 11:48:33','1981-10-08 05:40:38'),(52,52,52,'Omnis aut est ab deserunt earum nesciunt id. Eum est harum voluptas laborum sed temporibus. Et occaecati cumque enim nihil soluta neque ex. Quae quis id explicabo nisi.',1,1,'1990-01-04 13:19:29','1977-11-18 19:36:59'),(53,53,53,'Cum sed accusamus quia nobis officia vel similique. Quis neque ex est provident mollitia. Soluta ea et laudantium sed provident. Voluptatum aut perferendis aut libero nulla aut.',0,0,'1988-11-27 07:14:14','2008-01-25 00:16:26'),(54,54,54,'Esse sunt aut deleniti cupiditate. Quas impedit officiis pariatur. Cupiditate magnam culpa ut voluptas sed odit dolores. Tempora eligendi ut ipsa excepturi.',1,0,'2000-02-09 13:38:19','2011-02-21 12:14:34'),(55,55,55,'Suscipit et eos qui necessitatibus maiores minus. Dolorem veritatis tempore autem quidem voluptas qui. Et consequuntur culpa enim necessitatibus minus nobis ut. Qui corrupti et similique mollitia sint modi.',1,1,'1998-03-25 05:53:24','1993-07-10 18:46:15'),(56,56,56,'Corrupti alias vitae optio quia deleniti dolorem voluptatem cumque. Expedita vero aut maiores nisi quis tenetur. Quam qui laborum voluptate eligendi. Officia nihil amet corporis.',0,1,'1973-10-21 11:45:54','1972-09-25 06:06:21'),(57,57,57,'Atque numquam sunt earum consequuntur. Enim reiciendis voluptas distinctio aut ut omnis. Et amet sit minus sint nihil fuga. Molestias sed vel sequi ab soluta recusandae.',0,1,'2005-05-13 19:59:49','1983-06-20 10:34:44'),(58,58,58,'Voluptatibus aut deserunt architecto perspiciatis quia provident aliquam. Adipisci et quis aut consequatur reiciendis hic. Ut itaque magni saepe unde.',1,0,'2013-05-28 12:25:39','1995-11-11 21:58:09'),(59,59,59,'Est iusto nulla rem et atque aut. Id voluptas nam illum dolore. Unde vero commodi ullam quisquam itaque expedita.',0,0,'1972-09-29 14:59:32','2010-01-24 18:43:49'),(60,60,60,'Sed assumenda asperiores nihil ea dolorum animi. Et soluta pariatur autem harum exercitationem quia dolores. Excepturi non placeat perspiciatis sit. Est eligendi aliquid debitis libero blanditiis.',0,0,'2013-11-06 00:51:56','1978-02-03 12:45:19'),(61,61,61,'Consequuntur nihil aut voluptatem. Enim et consequatur delectus. Quia laboriosam suscipit odio id aperiam sit. Recusandae est id tempora possimus est possimus sed vero.',0,1,'2000-06-30 14:17:25','1993-12-05 09:08:49'),(62,62,62,'Sit autem assumenda libero amet. Aliquid tempore quia cupiditate minus libero. Et voluptate est provident beatae aspernatur est.',1,1,'2000-02-23 08:39:22','2018-01-17 19:04:44'),(63,63,63,'Ut accusamus et quae. Illum odit ut rem ipsam doloremque labore. Sed quibusdam voluptas a. Et ut nesciunt atque quia est exercitationem ea eum.',1,1,'2016-12-17 22:20:58','1976-08-03 13:25:07'),(64,64,64,'Porro quas ratione quasi in omnis. Omnis occaecati optio necessitatibus tempore. Facilis consequatur quo repellendus nam officia porro ducimus.',0,1,'1977-04-20 21:16:00','1990-09-22 07:03:30'),(65,65,65,'Illum nostrum ut aut qui ut. Qui natus accusamus in et fuga ut. Nihil cupiditate quam et ut quos. Odio alias deserunt perspiciatis dolor eos omnis. Voluptas porro fugit culpa corporis autem.',0,1,'1998-10-04 02:28:03','1974-07-08 03:09:30'),(66,66,66,'Vel nemo ipsum occaecati. Rerum mollitia sint error molestias quod dolor. Ipsum quia ducimus voluptatem temporibus quia. Dolore unde ea harum molestias.',0,0,'2011-04-09 14:16:25','2018-05-07 22:02:36'),(67,67,67,'Quis expedita consequuntur quo optio non. Earum cupiditate accusamus quo soluta nobis. Aspernatur sit vero omnis similique. Ut qui aliquid molestiae in dolorem.',0,0,'2014-01-19 04:43:34','2007-04-29 13:15:05'),(68,68,68,'Ut temporibus explicabo animi eos quasi neque. Est sint sit aliquid praesentium omnis. Magni ab voluptatibus sunt fuga sint.',1,0,'1982-10-01 18:10:36','2003-07-14 02:35:00'),(69,69,69,'Aut sint molestias quaerat odio nulla optio ipsa tenetur. Rem dolores rerum ullam ipsum autem et. Ullam debitis velit doloremque et. Reiciendis nobis ipsa accusamus doloremque similique maxime est voluptatum.',1,1,'2009-08-01 05:00:18','2006-09-23 04:35:44'),(70,70,70,'Et dolores eius numquam perspiciatis. Quasi fugiat sequi et error. Excepturi odit itaque amet ad rerum quibusdam.',0,0,'2006-05-07 21:20:38','2011-08-07 04:49:31'),(71,71,71,'Aspernatur sint culpa totam expedita quis reprehenderit. Ducimus enim at eligendi dolores repudiandae libero quis. Alias aperiam dolores reprehenderit voluptatem culpa amet et. Distinctio consequatur consequatur asperiores sit numquam impedit consequatur.',0,0,'1995-07-20 07:05:16','1999-04-30 19:09:52'),(72,72,72,'In voluptates non voluptatem commodi facere cum aliquam autem. Ad sequi sunt dolor voluptate voluptatem sunt aliquam. Voluptate perferendis temporibus eaque iure rem aut ut.',0,0,'1984-04-27 03:38:29','1975-06-10 23:16:32'),(73,73,73,'Doloremque voluptates ut asperiores aspernatur non. Omnis et fugiat ex eos impedit ut ab magnam. Quibusdam aut doloribus quis nihil libero ut rem. Ad omnis necessitatibus officia vitae sint.',0,0,'1981-04-24 06:53:31','1991-11-22 02:55:23'),(74,74,74,'Ea est debitis alias architecto consequatur. Et ea mollitia non voluptas nihil impedit nesciunt asperiores. Repellat maiores aut illum asperiores non.',1,0,'2018-07-17 23:04:38','2018-10-30 22:50:13'),(75,75,75,'Corrupti voluptatem similique aut autem sit sed. Nulla vel autem voluptas ut qui.',0,1,'1979-12-11 18:40:16','2010-04-27 04:12:36'),(76,76,76,'Blanditiis mollitia aliquid voluptate ratione ab dolores. Corporis sint sapiente quis mollitia iure suscipit dolore. Laboriosam reprehenderit quia cum voluptate natus in. Sed necessitatibus aut cum.',0,0,'1993-03-07 12:10:51','2003-09-03 02:16:33'),(77,77,77,'Suscipit sit ducimus qui eligendi ut reprehenderit. Nostrum ut aut maiores est. Nulla ducimus et reiciendis saepe quaerat dolorum voluptatem. Unde corporis rerum sit vero sit et voluptas.',0,1,'1987-09-17 07:24:30','1980-11-13 21:17:15'),(78,78,78,'Quae tempora quibusdam aspernatur enim. Nemo neque omnis qui. Sapiente sit sed officia ut. Eum ab incidunt aut odit quibusdam aut cumque.',0,1,'1998-06-08 20:31:18','1986-10-30 09:37:33'),(79,79,79,'Impedit voluptatibus est sint veritatis ratione sunt aut. Nam ut quibusdam sequi voluptatem consequatur.',0,1,'1980-09-21 15:51:06','2011-04-02 06:58:02'),(80,80,80,'Magni a repellendus perferendis id aut quia reprehenderit unde. Dolore dignissimos doloremque vel nihil velit dolores. Delectus dolores unde ducimus vitae quas. Odit voluptate autem quia et sint doloremque.',1,0,'1996-06-14 15:58:32','2019-02-05 17:40:05'),(81,81,81,'Et dolor modi doloribus repellat qui expedita. Rerum esse impedit sit neque. Aut amet excepturi illum et eum.',0,0,'1997-11-27 08:18:53','2007-07-12 19:04:46'),(82,82,82,'Temporibus est quos explicabo ea. Ratione blanditiis ullam et et necessitatibus. Id consequuntur fugiat molestiae tenetur ipsam quis mollitia.',0,0,'1980-09-01 05:09:30','1997-04-03 03:37:28'),(83,83,83,'Qui atque quasi vero laboriosam veritatis assumenda sit. Ut consequatur veritatis sapiente id consequatur molestiae praesentium. Ipsum ea ducimus sunt sit neque necessitatibus corporis. Veniam et officia quis. Et nulla non qui vel hic similique similique.',0,1,'1984-06-03 04:13:16','2003-11-06 14:30:11'),(84,84,84,'Molestiae aut sit eum consequatur minus consequatur rerum placeat. Et quisquam perspiciatis aut nemo repudiandae. Eveniet dolorum sint quia consequatur alias ut. Maiores alias voluptate consequatur omnis.',1,1,'1997-05-09 14:48:32','2010-07-24 10:51:48'),(85,85,85,'Aut aperiam dolorum laudantium dolorem praesentium dolor. Accusantium laborum mollitia aut. Vitae veniam et voluptas ut. Ducimus harum iste incidunt suscipit.',0,1,'1986-12-28 10:16:36','1970-01-02 06:59:51'),(86,86,86,'Illo repellat fugiat sapiente alias saepe nihil. Sit at doloribus aut iste. Laudantium vel nesciunt deserunt et quo aut quos. Non exercitationem a consequatur corporis sint.',0,0,'2017-05-12 07:43:30','1985-07-23 12:11:21'),(87,87,87,'Quas ut quaerat necessitatibus ut cumque corporis. Ut quisquam saepe molestiae. Et reprehenderit autem maxime. Illo consequuntur quo voluptate quisquam.',1,1,'1998-01-16 07:23:48','1982-04-02 21:08:31'),(88,88,88,'Sint perferendis debitis repudiandae maiores ad. Laboriosam incidunt consequuntur ipsam.',1,1,'1983-05-16 12:10:26','1973-06-21 21:11:16'),(89,89,89,'Enim illum expedita error voluptatem. Minima illo a sint doloremque qui sed. Nisi rerum tempore occaecati quo ut id nemo odio.',1,1,'2003-12-12 05:41:40','2003-12-23 21:06:59'),(90,90,90,'Dolor consequatur provident facere laborum. Debitis excepturi laudantium necessitatibus itaque atque et nobis. Et necessitatibus unde est saepe. Tenetur ipsum numquam laborum quis.',1,1,'1974-01-22 20:57:03','1990-01-29 14:04:30'),(91,91,91,'Repellat consequatur et et qui. Minima ratione tempora ipsam eos. Quod eum dolores adipisci sit adipisci. Ducimus culpa aut voluptatem sed quo non.',0,1,'1991-05-03 09:32:09','1991-11-23 09:58:49'),(92,92,92,'Dolorum tempora sed enim. Quis dicta ratione velit qui cumque laborum. Voluptates eveniet sed doloribus non dolorum. Officia voluptatem voluptate temporibus distinctio nesciunt.',0,1,'2005-03-10 13:49:37','2017-02-19 06:39:12'),(93,93,93,'Rerum ratione alias ratione. Nisi quia laudantium nisi non sequi tempora distinctio. Aliquam laboriosam ut adipisci. Beatae aliquid qui vel labore id illum aut.',0,1,'1995-09-10 12:04:39','1973-11-24 03:00:37'),(94,94,94,'Beatae maxime et doloribus cum est possimus ut. Esse totam dolorem error. Quis necessitatibus architecto praesentium omnis dignissimos et. Laudantium et numquam voluptas mollitia ut. Earum eaque excepturi odio quibusdam velit omnis eum.',1,1,'1982-06-03 22:11:32','1980-02-22 00:38:26'),(95,95,95,'Magnam quo quaerat consequatur. Quo consequatur id quaerat qui.',0,0,'2007-11-02 03:28:23','2003-04-23 19:13:39'),(96,96,96,'Repellendus voluptatem qui exercitationem aliquid facere tempore. Reprehenderit molestiae id quidem quo consequuntur. Nostrum atque blanditiis qui sunt at vel aliquid suscipit.',1,1,'1971-07-12 07:16:54','1994-06-21 11:51:21'),(97,97,97,'Eum et doloribus tempora itaque sint. Dolor blanditiis sequi illum repellendus. Voluptatem voluptatem non aliquid.',1,1,'1986-09-23 08:02:26','2019-07-01 09:29:53'),(98,98,98,'Labore reprehenderit voluptate ipsam non repellat. Doloribus rem quidem repellat. Tenetur est facere suscipit. Nemo aliquid exercitationem et eaque id minima.',0,0,'2002-08-17 04:35:22','1980-10-29 20:24:43'),(99,99,99,'Explicabo eveniet nihil et tenetur atque itaque ut ipsam. Voluptas quidem et voluptas voluptas tempore. Dolore expedita sunt totam non qui autem.',1,1,'1981-11-22 20:50:32','1988-10-08 01:19:33'),(100,100,100,'Maiores dolore corrupti saepe et vero quo. Sed blanditiis nihil consectetur tempora architecto error optio consequatur. Quam impedit nulla pariatur eligendi rem aut. Impedit repudiandae autem illo veritatis excepturi.',1,0,'1981-08-22 01:32:04','2004-09-15 04:09:54');
/*!40000 ALTER TABLE `messages` ENABLE KEYS */;
UNLOCK TABLES;

--
-- Table structure for table `posts`
--

DROP TABLE IF EXISTS `posts`;
/*!40101 SET @saved_cs_client     = @@character_set_client */;
/*!50503 SET character_set_client = utf8mb4 */;
CREATE TABLE `posts` (
  `id` int unsigned NOT NULL AUTO_INCREMENT,
  `user_id` int unsigned NOT NULL,
  `community_id` int unsigned DEFAULT NULL,
  `head` varchar(255) DEFAULT NULL,
  `body` text NOT NULL,
  `media_id` int unsigned DEFAULT NULL,
  `is_public` tinyint(1) DEFAULT '1',
  `is_archived` tinyint(1) DEFAULT '0',
  `created_at` datetime DEFAULT CURRENT_TIMESTAMP,
  `updated_at` datetime DEFAULT CURRENT_TIMESTAMP ON UPDATE CURRENT_TIMESTAMP,
  PRIMARY KEY (`id`),
  KEY `posts_user_id` (`user_id`),
  KEY `posts_community_id` (`community_id`),
  KEY `posts_media_id` (`media_id`),
  CONSTRAINT `posts_community_id` FOREIGN KEY (`community_id`) REFERENCES `communities` (`id`),
  CONSTRAINT `posts_media_id` FOREIGN KEY (`media_id`) REFERENCES `media` (`id`),
  CONSTRAINT `posts_user_id` FOREIGN KEY (`user_id`) REFERENCES `users` (`id`)
) ENGINE=InnoDB AUTO_INCREMENT=101 DEFAULT CHARSET=utf8mb4 COLLATE=utf8mb4_0900_ai_ci;
/*!40101 SET character_set_client = @saved_cs_client */;

--
-- Dumping data for table `posts`
--

LOCK TABLES `posts` WRITE;
/*!40000 ALTER TABLE `posts` DISABLE KEYS */;
INSERT INTO `posts` VALUES (1,1,1,NULL,'Fugiat voluptas doloremque officia. Nisi officiis harum iure est.',1,0,1,'1990-09-09 22:01:00','2011-11-11 18:18:10'),(2,2,2,NULL,'Consequuntur pariatur repellendus maiores enim earum et. Similique consequatur voluptas in voluptatem modi.',2,1,1,'1985-09-25 18:47:05','2012-07-29 21:17:33'),(3,3,3,NULL,'Ab nesciunt quos distinctio commodi ipsum labore sint. Unde nobis quo vitae vel eius.',3,1,1,'2008-08-22 10:45:04','2014-01-25 07:56:18'),(4,4,4,NULL,'Perspiciatis deleniti repudiandae repellendus quia quos cum. Quidem explicabo tempore rerum dolorem nisi est eius assumenda. Inventore ut recusandae sunt sunt. Magnam labore vero molestiae.',4,1,1,'1998-07-12 18:22:31','2011-12-11 02:48:37'),(5,5,5,NULL,'Consequatur qui ipsum commodi aut sed minima voluptatem. Provident cumque ut quam doloribus sit ipsa qui. Consequuntur recusandae ut ad consequuntur.',5,1,1,'1977-06-20 21:37:48','1971-09-13 21:10:33'),(6,6,6,NULL,'Consequuntur earum vero aut quam et. Porro iusto enim quisquam molestias maxime. Illum esse iusto dignissimos. Suscipit quo alias aut assumenda.',6,1,0,'2004-12-28 03:30:58','2015-06-19 12:14:41'),(7,7,7,NULL,'Ut eveniet alias ab magnam aut atque. Voluptatem eum exercitationem inventore aut. Nemo sint error non architecto.',7,1,0,'2020-08-08 13:01:09','1988-07-28 23:10:56'),(8,8,8,NULL,'Qui expedita ad consectetur quam animi voluptatem. Fugit deserunt omnis soluta fugit qui sapiente aliquam. Sed soluta cupiditate qui autem distinctio atque quos.',8,1,1,'1993-05-31 22:21:10','1999-07-24 16:56:22'),(9,9,9,NULL,'Ad facilis magni molestiae tempora ut quo consequatur delectus. Consequatur neque et animi voluptates sunt consequatur recusandae quaerat. Tempora repudiandae cum fugiat mollitia. Consequatur sit nemo saepe esse.',9,1,0,'2012-07-16 05:38:20','2000-08-30 21:22:49'),(10,10,10,NULL,'Assumenda aliquam cum aut modi pariatur. Laborum qui illum pariatur nemo odit error aut aut. Labore totam reprehenderit consequatur. Eum numquam nesciunt deleniti et.',10,0,0,'1973-05-09 09:58:35','2019-10-02 11:40:02'),(11,11,11,NULL,'Qui laborum et explicabo. Tenetur libero quod cum id ipsa. Est adipisci totam corporis aut nobis repellendus. Rem repudiandae et dolorem vero sunt.',11,1,0,'1977-06-17 03:52:28','2021-07-15 20:33:58'),(12,12,12,NULL,'Non ratione qui facere soluta et. Velit sunt cum totam deleniti dolorum.',12,1,1,'2020-04-28 09:18:49','1975-06-07 12:52:08'),(13,13,13,NULL,'Aut qui quo harum itaque praesentium harum alias. Labore nesciunt aut eveniet quam dolore ut quod. Quisquam aut tenetur neque fugiat molestiae.',13,0,0,'1981-09-13 19:37:42','2014-02-17 21:55:00'),(14,14,14,NULL,'Vitae qui eos assumenda reprehenderit aut. Nihil error praesentium nam alias atque occaecati facere amet. Vel adipisci occaecati illo sit.',14,0,1,'2018-06-13 08:16:18','1980-07-20 09:19:12'),(15,15,15,NULL,'Aut sunt delectus tenetur. Ea ratione molestiae impedit quas error debitis. Delectus ut sit sed illum earum ipsum. Ea qui illum quia eaque et.',15,0,0,'2013-09-08 22:27:58','1980-05-12 23:11:55'),(16,16,16,NULL,'Maxime distinctio debitis id illo doloremque. Dolorem nihil velit in itaque consectetur. Excepturi reiciendis libero quo corrupti. Qui quis labore eum ab et enim in. Neque voluptatem commodi expedita rem at eos.',16,0,0,'2012-04-07 19:03:55','1974-12-21 23:21:47'),(17,17,17,NULL,'Est a id qui dignissimos atque quis quod. Cupiditate vero voluptas iusto qui aut. Optio voluptates ullam delectus sunt quod ipsam. Ad sit dolores alias enim enim. Repellendus odio pariatur laudantium sit.',17,1,0,'1980-10-28 04:13:42','1971-04-18 09:18:23'),(18,18,18,NULL,'Accusantium nihil corporis fugiat qui accusantium. Magni id sed perferendis iusto enim in. Veniam dolor velit quo a. Porro et quia corrupti voluptatem et et.',18,0,1,'1975-08-29 09:18:04','2015-05-30 08:03:37'),(19,19,19,NULL,'Illo asperiores et nihil qui officiis. Et alias et quam sed ea. Non eaque voluptas et harum voluptate ut dignissimos.',19,0,0,'1976-01-04 03:55:12','2001-03-25 08:30:23'),(20,20,20,NULL,'Facere ipsum veritatis dignissimos fuga deleniti. Rerum laudantium animi quos quod consequatur. Quidem deserunt ut voluptatem. Natus voluptas sunt soluta necessitatibus.',20,1,0,'1991-09-07 08:25:10','1995-11-01 00:53:48'),(21,21,21,NULL,'Nobis expedita sit perspiciatis quae. Quidem eveniet et ad et.',21,1,1,'2003-01-02 16:47:57','1998-03-27 07:37:49'),(22,22,22,NULL,'Maiores sed error voluptate alias unde. Blanditiis repellendus quaerat at veniam repellat deserunt. Minima sit eos tempora omnis. Vitae dolorum laborum quia placeat. Modi maxime nostrum quae consequatur rerum iure.',22,1,0,'2019-06-27 04:21:41','2014-07-02 19:55:52'),(23,23,23,NULL,'Placeat eaque quos quibusdam porro ex consequuntur provident. Voluptatem fugiat in illum culpa impedit unde. Est qui cumque quae dolor occaecati consectetur. Debitis voluptatem accusamus eum ad voluptatem est praesentium.',23,0,1,'1981-12-22 15:02:03','1976-01-05 16:02:43'),(24,24,24,NULL,'Tempore deleniti asperiores placeat. Eligendi et quas voluptas nemo quam. Maiores repudiandae perspiciatis et facilis aut. Explicabo id reprehenderit voluptates sequi voluptatibus.',24,0,0,'1972-04-12 11:13:18','2002-11-23 04:52:16'),(25,25,25,NULL,'Eius autem et reiciendis ea. Ipsam doloremque itaque quibusdam quo architecto mollitia. Rerum non consequuntur totam.',25,1,1,'1993-04-04 19:03:21','1992-11-08 07:06:55'),(26,26,26,NULL,'Perspiciatis odit iste eos quo odio. Sequi et dolor soluta voluptatem expedita fuga facere. At eum voluptatem velit eaque quae velit natus. Blanditiis corrupti expedita ex sit. Itaque quos voluptatibus blanditiis est.',26,0,1,'2009-08-07 20:16:18','1988-03-11 19:18:25'),(27,27,27,NULL,'Amet ex omnis qui blanditiis itaque harum. Amet porro ex perferendis et aut voluptatibus enim perspiciatis. Et voluptas asperiores eaque. Numquam officiis voluptas provident.',27,1,0,'2021-08-05 03:31:00','1998-10-07 00:50:30'),(28,28,28,NULL,'Praesentium vel exercitationem aperiam ratione rerum ea totam. Sed fugiat similique et et et. Deleniti tenetur sit vel ipsum non consectetur quo.',28,1,1,'1971-02-23 10:14:12','1976-03-24 09:25:12'),(29,29,29,NULL,'Quos provident quod doloribus reiciendis sunt qui expedita. Corrupti et exercitationem odio beatae quidem. Id iure eligendi est totam. Eaque vero et sint assumenda asperiores quo veritatis quia.',29,0,0,'1999-08-18 13:42:45','1999-01-02 02:47:40'),(30,30,30,NULL,'Neque quasi sunt saepe nostrum quia nisi. Culpa deleniti perferendis iste. Illum nulla rerum incidunt dolorum error consequatur nam sint.',30,0,1,'2018-05-11 07:06:58','2012-03-25 04:54:23'),(31,31,31,NULL,'Saepe recusandae nisi aut. Eveniet reiciendis ut et inventore. Vitae ut sunt cum velit et.',31,0,1,'1983-02-13 06:27:20','2011-04-04 10:06:04'),(32,32,32,NULL,'Neque est sit aliquid nam autem excepturi eum. Nemo quod qui tenetur incidunt odit qui. Ut et in eligendi dolore aut ea est. Asperiores nesciunt placeat ipsa et.',32,1,0,'1977-11-03 00:09:41','1998-04-17 10:42:59'),(33,33,33,NULL,'Enim officiis dolore ut quae eaque numquam. Rerum saepe quia consequuntur quo provident quia. Reiciendis et voluptate animi dolor est ullam consequatur. Sed expedita est rerum ut autem quae fugiat.',33,0,1,'2000-02-27 14:10:04','1989-11-29 22:00:05'),(34,34,34,NULL,'In est dicta quos non rem quisquam excepturi. Reiciendis modi commodi quam placeat.',34,1,1,'2016-03-21 22:52:32','1984-08-21 04:51:39'),(35,35,35,NULL,'Aut iure molestiae debitis nihil. Distinctio ab quo ea cum nobis vel expedita. Vel expedita molestiae est quo dolorum ipsam.',35,1,0,'1987-11-28 04:51:04','2020-08-28 19:06:58'),(36,36,36,NULL,'Delectus et consequuntur quibusdam id. Rerum tempore dolorum beatae ipsum dignissimos illum. Labore expedita non modi omnis dolore eos a. Repellendus dolor enim recusandae dolore aliquid voluptatem.',36,1,0,'1973-09-25 00:21:19','2015-01-19 17:15:50'),(37,37,37,NULL,'Voluptate ut eum ea est. Quisquam et est accusamus quidem ut officia impedit. Aut incidunt impedit facere ullam sit illum facilis labore. A magni aperiam neque velit excepturi nemo est suscipit.',37,0,0,'1976-10-19 04:08:38','1973-02-16 23:04:06'),(38,38,38,NULL,'Rerum iste autem animi odio sunt magni. Animi officia distinctio iste. Vel officiis accusamus non deserunt ea.',38,0,0,'2010-10-21 06:49:49','1979-12-15 14:19:31'),(39,39,39,NULL,'Corrupti ut temporibus assumenda. Quod iste esse nam omnis. Et inventore omnis ratione tenetur qui sint. Voluptatem id debitis eligendi temporibus. Soluta fuga molestiae et.',39,0,0,'1993-09-25 15:07:59','1991-08-26 00:42:11'),(40,40,40,NULL,'Vel aliquam voluptatem corrupti omnis vero exercitationem necessitatibus quas. Et minus dolores beatae sed. Ut minima velit eius qui. Sit sit libero et quia repudiandae.',40,0,1,'1970-06-12 16:20:23','1990-08-25 15:38:28'),(41,41,41,NULL,'Et sit maxime provident error quia. Molestiae eum qui voluptatem et aut. Omnis perferendis voluptatem rerum enim a.',41,0,0,'2007-11-06 22:43:17','2009-07-16 21:31:10'),(42,42,42,NULL,'Asperiores consequatur aspernatur et quis et magni sunt. Sed minima nihil nobis.',42,1,1,'1981-12-20 18:35:24','2001-07-21 17:55:11'),(43,43,43,NULL,'Optio et alias molestias velit. Aspernatur assumenda occaecati quis soluta voluptas. Et alias assumenda incidunt facilis quo doloribus.',43,0,0,'2017-11-27 08:02:29','1985-03-30 06:44:52'),(44,44,44,NULL,'Porro dolor reprehenderit omnis sint est in. Accusamus quis laudantium ipsam cum soluta odio porro. Veritatis qui pariatur mollitia voluptas. Voluptatibus iure voluptatem quas quam vero voluptas excepturi cum.',44,1,0,'1974-04-10 01:41:42','1998-04-24 02:07:20'),(45,45,45,NULL,'Pariatur libero provident enim minus illum. Ipsum magnam non delectus doloribus consequatur maiores. Modi sunt rem cumque. Vitae similique et architecto et excepturi eos dolorem.',45,0,0,'2017-06-28 23:12:08','1971-06-18 15:15:36'),(46,46,46,NULL,'A iste recusandae impedit eum architecto. Sequi tempore dicta vero incidunt excepturi voluptates. Optio dolorem et eligendi molestiae vero consequatur et. Et quisquam velit corrupti hic ut.',46,0,0,'1998-06-17 09:10:37','1977-11-04 22:57:56'),(47,47,47,NULL,'Nemo molestiae est cum modi omnis voluptate. Debitis est et laboriosam omnis ea sed. Aut officiis tempora libero accusantium.',47,0,0,'1982-02-11 19:22:13','1998-12-16 18:11:48'),(48,48,48,NULL,'Qui debitis reprehenderit omnis. Natus ad molestiae magnam consequuntur est aut. Distinctio vel excepturi autem voluptas officiis. Modi assumenda voluptatem eius deserunt.',48,1,1,'1992-11-14 21:28:29','1980-07-22 08:06:31'),(49,49,49,NULL,'Suscipit nisi eveniet voluptates eligendi facilis id. Non beatae dolores excepturi consequatur esse qui aperiam. Occaecati est dolor possimus ipsa excepturi recusandae perspiciatis. Mollitia qui officiis enim atque architecto placeat.',49,0,1,'1976-03-29 23:37:34','2004-05-04 10:41:05'),(50,50,50,NULL,'Aperiam soluta excepturi ipsum amet. Qui optio nihil ipsa consequatur sit nemo. Voluptas aut ut tenetur asperiores fuga dolor. Esse omnis et et esse.',50,0,0,'1982-01-02 14:26:44','2015-09-01 19:41:52'),(51,51,51,NULL,'Occaecati accusamus qui repellat corporis. Sed similique quia voluptates ab molestias sapiente quos. Temporibus velit molestiae dolorem repellendus illo aut.',51,0,1,'2015-06-28 08:38:42','2010-01-04 22:24:54'),(52,52,52,NULL,'Repellat tempora exercitationem facilis voluptatibus rerum consequatur dolores. Adipisci non facilis non non. A exercitationem pariatur est quibusdam nam quo accusantium.',52,1,1,'2005-10-23 23:01:07','2008-05-03 13:52:13'),(53,53,53,NULL,'Ratione ut voluptas doloribus consectetur vel non. Dolor temporibus laborum vero expedita perferendis temporibus qui doloribus. Nihil veniam explicabo aliquam dicta quas in. Ut et quam eum id beatae voluptatem. Ut qui magni voluptas at.',53,1,1,'2017-07-29 06:11:59','2007-09-02 11:20:14'),(54,54,54,NULL,'Qui nobis quae placeat repellat et non. Molestias ut nihil aut vel. Impedit repellat inventore quod non nobis.',54,1,1,'2016-03-07 17:36:49','2004-06-16 19:58:46'),(55,55,55,NULL,'Qui aut assumenda aut aut. Cum doloribus fugit quam libero quod cupiditate quae. Et voluptates corrupti quisquam odit soluta et accusantium. Aut nostrum itaque exercitationem quia laboriosam.',55,0,1,'2002-03-27 17:19:14','2019-10-30 04:48:34'),(56,56,56,NULL,'Autem nostrum quia suscipit laborum ut beatae ea. Reprehenderit quibusdam est culpa. Perferendis et sint itaque at beatae natus et est. Ipsa ad consequatur vel molestiae autem reprehenderit ut. Quos similique nulla harum beatae est culpa.',56,1,0,'2007-02-28 02:04:35','1983-02-22 02:26:25'),(57,57,57,NULL,'Nihil culpa qui et reprehenderit dolorum unde vel aut. Et voluptas totam aspernatur sit. Aut quam expedita molestiae dolorum et et autem.',57,1,1,'2019-09-01 10:46:07','1992-05-07 21:50:38'),(58,58,58,NULL,'Sed consequatur molestiae neque. Ut ipsum voluptatum id porro veritatis. Et et nihil et repellendus aperiam quia est.',58,1,0,'1973-02-14 01:32:44','2001-07-19 05:53:37'),(59,59,59,NULL,'Tenetur officia aut qui non natus neque. Corrupti illo molestias sequi odit impedit enim enim. Consequuntur assumenda molestiae minima et voluptatem aperiam ut dolor. Ipsam autem molestias quam aut quasi.',59,0,0,'2006-07-13 05:07:03','1996-05-07 23:44:08'),(60,60,60,NULL,'Eius aut ipsum eligendi et. Eius ut molestias aspernatur cum unde. Non voluptatem porro reiciendis voluptas excepturi. Aut dolor quasi non recusandae neque.',60,1,1,'2015-08-13 07:50:44','2013-05-15 02:14:27'),(61,61,61,NULL,'Excepturi quae voluptas ut. Quis corporis nulla modi ipsam laboriosam dolor. Maxime quia reprehenderit ut voluptatem fugit suscipit. Natus sit eum explicabo consectetur.',61,0,1,'1980-07-11 17:58:30','2005-04-16 05:38:47'),(62,62,62,NULL,'Reiciendis beatae aut nihil ab adipisci ducimus amet. Nostrum molestiae aut soluta quibusdam quos voluptatem. Ducimus maiores a iste similique voluptas dolorum.',62,0,0,'1973-11-07 01:15:15','2007-05-31 12:24:43'),(63,63,63,NULL,'Ea dicta amet ducimus quos nobis. Nisi qui suscipit qui totam. Quas velit soluta perferendis sit magnam cupiditate.',63,0,1,'1991-01-29 18:53:00','2006-01-16 05:24:20'),(64,64,64,NULL,'A sit impedit harum quasi qui pariatur. Ea iste iste dignissimos pariatur consectetur aut. Culpa omnis officiis natus quia sit quam.',64,0,0,'2008-01-15 18:30:16','2007-12-05 06:25:20'),(65,65,65,NULL,'Qui reprehenderit et quis ipsum. Et nam non perspiciatis quae provident rerum saepe. Et voluptatum consequuntur eos eum quae et.',65,0,1,'2005-10-09 02:04:16','1981-12-01 13:25:16'),(66,66,66,NULL,'Dolorum est a rerum quo magnam. Odit dicta ab eos consequatur dolorem. Quis vitae nostrum vel perspiciatis est omnis.',66,1,0,'2018-03-21 01:46:20','2003-06-14 12:18:07'),(67,67,67,NULL,'Et non debitis cumque aspernatur veritatis. Reiciendis tempore qui dolor unde et et. Placeat quia recusandae quod eos aut.',67,0,0,'1978-10-08 09:07:52','2007-09-19 23:27:26'),(68,68,68,NULL,'Qui ipsum voluptas magni. Autem modi mollitia veritatis molestiae. Et ex recusandae commodi reiciendis sed odio officiis. Magnam incidunt unde molestias ea error repudiandae est consectetur.',68,1,0,'2015-08-26 07:25:17','2012-10-20 21:28:59'),(69,69,69,NULL,'Perferendis totam et minus eius facere ullam. Est harum quam facere sunt qui. Harum dolorum similique distinctio dolorem necessitatibus aut temporibus unde.',69,1,0,'2016-11-08 02:51:53','1999-12-10 12:34:03'),(70,70,70,NULL,'Facere numquam nisi fugit consequatur consequuntur et. Animi commodi aut voluptas sed quos ut adipisci. Saepe ipsum quisquam nihil.',70,1,1,'1972-01-20 15:01:31','2006-02-22 00:20:29'),(71,71,71,NULL,'Est est expedita maiores fugiat minus aut commodi vero. Quisquam accusamus quis quibusdam et amet repudiandae quo. Cum iusto voluptates odio ullam ratione in. In at asperiores incidunt praesentium enim dicta quis.',71,0,0,'2013-01-26 19:17:37','1993-05-03 18:03:59'),(72,72,72,NULL,'Reiciendis distinctio delectus cumque incidunt autem. Amet molestias qui eius corrupti qui nobis dicta corrupti. Sit numquam est voluptatem ea. Pariatur non nam maxime voluptas facilis dolore.',72,0,0,'2020-09-26 12:26:03','2018-08-25 21:04:32'),(73,73,73,NULL,'Animi quas voluptas impedit facilis quia nostrum. Quibusdam provident voluptatem magnam sequi ut consequatur laudantium nostrum. Aut ut debitis exercitationem et quos enim. Et et consequatur qui dolorem atque at molestiae eligendi. Voluptatem qui atque deleniti.',73,0,1,'2010-06-16 08:27:19','1981-12-07 03:24:31'),(74,74,74,NULL,'Ducimus harum deserunt dicta veritatis aut. Reprehenderit est dolores eaque earum impedit fugit. Exercitationem sunt occaecati veritatis aut dolorum et. Esse nihil est nam eum voluptatem. Odio autem autem rerum doloremque perspiciatis.',74,0,1,'2002-08-25 03:55:04','1982-10-25 17:28:19'),(75,75,75,NULL,'Et sit enim occaecati necessitatibus perferendis. Adipisci sit est occaecati. Assumenda laboriosam qui dolorem ipsa quo voluptatem.',75,0,1,'1972-10-07 14:50:34','1976-09-14 21:51:51'),(76,76,76,NULL,'Consequatur et aperiam est incidunt deserunt eius id. Eos assumenda vero accusantium eum. Consequuntur cupiditate quod consequatur.',76,1,1,'1982-01-17 15:51:08','1979-11-13 14:20:12'),(77,77,77,NULL,'Doloribus qui exercitationem cupiditate. Fuga nihil eligendi at earum quis. Numquam consequatur commodi repellendus placeat vel quia nisi repellat. Consequuntur dolorem iusto omnis quos ut aperiam quis amet.',77,1,1,'2016-04-11 17:16:55','1999-10-28 17:34:44'),(78,78,78,NULL,'Eum autem incidunt occaecati excepturi corrupti aperiam. Facere unde dolores impedit officiis impedit quis architecto. Dolores quidem quasi iure perspiciatis accusantium officiis pariatur.',78,0,0,'1984-01-25 23:09:44','1980-03-23 01:40:25'),(79,79,79,NULL,'Recusandae ut sapiente dolor similique officiis est at. Et exercitationem non et asperiores molestias voluptatibus quas. Saepe aut iure deserunt omnis debitis doloribus ipsum.',79,1,0,'1985-08-22 04:36:08','1988-05-01 08:11:47'),(80,80,80,NULL,'Quisquam ut qui enim id aut qui. In voluptatem velit quidem deleniti quo. Quo voluptas harum eos excepturi. Voluptates earum molestiae et earum.',80,0,1,'1994-09-26 14:15:13','2016-07-26 06:24:42'),(81,81,81,NULL,'Cupiditate nostrum illo molestiae voluptas quas voluptas similique. Necessitatibus distinctio vitae quidem molestias consequatur ut. Error possimus aliquam et eum. Pariatur dolorem ut minus et asperiores repudiandae facilis dolores.',81,0,1,'1974-01-30 08:54:47','2003-12-20 23:53:48'),(82,82,82,NULL,'Officiis consequatur quia necessitatibus et dolores. Doloremque voluptatem rerum exercitationem consequatur qui officiis illum. Et cupiditate repellat voluptate sunt distinctio quas laudantium.',82,0,1,'2004-11-14 22:22:14','2016-03-16 03:15:54'),(83,83,83,NULL,'Molestiae voluptatem ut ut quisquam est sit eum consequatur. Aspernatur eum quaerat nihil odio veniam. Dignissimos officia ut inventore qui consequatur et quidem. Harum et blanditiis numquam a inventore velit.',83,0,1,'1986-12-05 13:50:45','1985-02-20 00:51:03'),(84,84,84,NULL,'Sint eligendi quia quaerat odit sed aspernatur aut. Qui exercitationem adipisci molestiae. Dolor labore sed corporis illo dolorem laborum quibusdam magni. Est sunt ea sed non rerum voluptatem.',84,1,0,'1976-01-29 06:19:07','1992-06-18 12:14:07'),(85,85,85,NULL,'Labore voluptas omnis doloribus inventore consequatur aliquam saepe. Assumenda tempore dolor molestiae commodi amet aut pariatur. Suscipit nobis dolores necessitatibus saepe doloremque qui. Dicta autem rerum rerum nobis.',85,0,1,'2018-04-04 06:43:00','1996-08-28 20:59:34'),(86,86,86,NULL,'Sint quia ducimus facilis odit quasi natus. Corrupti est dolores ullam error omnis placeat. Quibusdam reprehenderit aperiam labore. Et ea quidem vel.',86,1,1,'1992-03-07 23:51:03','1997-02-07 23:55:32'),(87,87,87,NULL,'Error eveniet rerum omnis quia magni asperiores nulla. Cum consectetur consequatur fugit quis perspiciatis tempore quos. Sint voluptas dolores totam tempore officiis. Aut reprehenderit nobis fugiat culpa odio quibusdam est.',87,1,0,'1986-05-17 12:13:40','2007-03-20 11:49:56'),(88,88,88,NULL,'Laborum velit impedit recusandae laborum placeat cupiditate. Magni enim omnis nobis delectus veritatis incidunt. Necessitatibus eum delectus sed possimus. Dolorem quo perspiciatis vero deserunt occaecati id similique.',88,0,0,'2014-09-25 03:43:40','2014-06-13 22:41:54'),(89,89,89,NULL,'Incidunt laudantium necessitatibus earum impedit. Consequuntur quibusdam assumenda in voluptas ut. Aut et ut labore fugiat atque. Vitae aut voluptas quo vel.',89,0,1,'1991-07-10 09:33:08','1995-05-28 07:44:52'),(90,90,90,NULL,'Porro et laborum odit veniam enim vero. Vero quia facilis debitis est. Fuga odit iusto nobis quis corrupti. Et odio itaque sit inventore asperiores eum rerum in.',90,1,1,'2005-11-11 21:07:27','1979-07-09 13:26:27'),(91,91,91,NULL,'Quia necessitatibus facilis et nobis. Quisquam et dolor numquam iste et et. Dolor dignissimos eligendi placeat voluptatem. Ut iusto ut incidunt ipsam adipisci. Provident vero neque non ullam quo et.',91,0,1,'1974-05-11 22:22:51','2007-06-20 07:20:52'),(92,92,92,NULL,'Ipsam assumenda et consectetur dolorem aperiam quae. Illum ex qui vel inventore quod accusamus. Quidem iure fugit nulla voluptate pariatur repellendus.',92,1,0,'1971-03-06 14:33:15','1970-02-25 18:19:20'),(93,93,93,NULL,'Inventore amet velit dolor earum quidem enim qui est. Delectus commodi voluptatem autem praesentium. Qui nobis provident et eveniet. Vel debitis et aut animi sint.',93,1,0,'2000-12-05 02:37:19','1994-01-29 01:27:05'),(94,94,94,NULL,'Ipsam est doloremque ipsa in. Ipsam qui mollitia qui perspiciatis nihil. Esse id consequuntur maxime doloribus quibusdam. Est iste quisquam quia doloremque quos. Adipisci temporibus modi rerum occaecati.',94,0,0,'1987-04-23 02:36:12','2002-05-30 20:04:20'),(95,95,95,NULL,'Ab aliquid esse rem distinctio aut omnis ipsam. Vel veniam id perferendis officiis aliquam velit. Expedita omnis ipsum omnis quasi aliquid eos voluptatem. Repellendus dolorem tempora autem maxime aperiam.',95,1,1,'1976-12-03 16:25:34','1975-06-27 09:08:04'),(96,96,96,NULL,'Dolorem aut reiciendis delectus. Quos unde ab dignissimos. Ad id dolores nisi tenetur.',96,0,1,'1999-07-31 16:05:41','2011-04-22 06:00:55'),(97,97,97,NULL,'Expedita consequatur asperiores ex deserunt. Libero dolorum iusto id praesentium. Dolorem voluptatum temporibus suscipit temporibus. Aliquid quisquam repellat fuga quia corrupti.',97,1,1,'1971-10-31 11:08:26','1978-01-29 00:03:54'),(98,98,98,NULL,'Modi blanditiis nam at quo. Debitis dolorem magnam omnis aut voluptatem minus ut. Quia officiis et eos dolorum ratione.',98,1,1,'1977-03-09 16:13:34','2002-02-20 07:29:14'),(99,99,99,NULL,'Nihil deleniti nobis voluptas dolore cum. Esse occaecati voluptas aut molestiae praesentium. Recusandae ea consectetur quos nostrum nostrum. Voluptatem animi quasi esse nostrum sint.',99,1,1,'1972-12-07 18:19:01','1991-04-11 17:27:57'),(100,100,100,NULL,'Omnis dignissimos perferendis natus provident aut. Tempore quis ut iure sint repellat officia. Labore fugiat explicabo perspiciatis nulla sed quod voluptatem voluptatum. Culpa fugiat quam sunt quia.',100,1,1,'1977-07-22 12:00:46','1990-12-04 04:53:15');
/*!40000 ALTER TABLE `posts` ENABLE KEYS */;
UNLOCK TABLES;

--
-- Table structure for table `profiles`
--

DROP TABLE IF EXISTS `profiles`;
/*!40101 SET @saved_cs_client     = @@character_set_client */;
/*!50503 SET character_set_client = utf8mb4 */;
CREATE TABLE `profiles` (
  `id` int unsigned NOT NULL AUTO_INCREMENT COMMENT 'Идентификатор строки',
  `user_id` int unsigned NOT NULL COMMENT 'Ссылка на пользователя',
  `birthday` date DEFAULT NULL COMMENT 'Дата рождения',
  `photo_id` int unsigned DEFAULT NULL COMMENT 'Ссылка на основную фотографию пользователя',
  `status` enum('online','offline','disabled') DEFAULT NULL COMMENT 'Текущий статус',
  `city` varchar(130) DEFAULT NULL COMMENT 'Город проживания',
  `country` varchar(130) DEFAULT NULL COMMENT 'Страна проживания',
  `created_at` datetime DEFAULT CURRENT_TIMESTAMP COMMENT 'Время создания строки',
  `updated_at` datetime DEFAULT CURRENT_TIMESTAMP ON UPDATE CURRENT_TIMESTAMP COMMENT 'Время обновления строки',
  PRIMARY KEY (`id`),
  KEY `profiles_user_id` (`user_id`),
  KEY `profiles_photo_id` (`photo_id`),
  CONSTRAINT `profiles_photo_id` FOREIGN KEY (`photo_id`) REFERENCES `media` (`id`),
  CONSTRAINT `profiles_user_id` FOREIGN KEY (`user_id`) REFERENCES `users` (`id`)
) ENGINE=InnoDB AUTO_INCREMENT=102 DEFAULT CHARSET=utf8mb4 COLLATE=utf8mb4_0900_ai_ci COMMENT='Профили';
/*!40101 SET character_set_client = @saved_cs_client */;

--
-- Dumping data for table `profiles`
--

LOCK TABLES `profiles` WRITE;
/*!40000 ALTER TABLE `profiles` DISABLE KEYS */;
INSERT INTO `profiles` VALUES (2,1,'1980-12-12',1,'disabled','South Tomas','9','1992-09-17 17:21:52','2021-09-19 20:33:27'),(3,2,'2018-09-18',2,'disabled','Lake Keirabury','7139','2001-04-17 01:20:11','2021-09-19 20:33:27'),(4,3,'1984-05-07',3,'offline','Lake Bryana','93850','2003-01-18 06:17:01','2021-09-19 20:33:27'),(5,4,'1993-05-31',4,'online','Port Vince','','2000-05-07 02:06:59','2021-09-19 20:33:27'),(6,5,'1978-04-30',5,'disabled','Babyview','877','1998-04-12 23:53:09','2021-09-19 20:33:27'),(7,6,'1970-02-20',6,'online','Mallieland','3413198','1973-03-09 03:19:20','2021-09-19 20:33:27'),(8,7,'2005-07-24',7,'disabled','Aricview','1751325','1975-05-10 22:57:10','2021-09-19 20:33:27'),(9,8,'2016-10-29',8,'offline','Stoltenbergland','7696','1973-09-03 00:59:35','2021-09-19 20:33:27'),(10,9,'2017-04-01',9,'disabled','Lake Loy','4776','1973-10-08 13:43:51','2021-09-19 20:33:27'),(11,10,'2017-10-15',10,'online','Austenview','328905951','1995-12-11 03:47:56','2021-09-19 20:33:27'),(12,11,'1974-11-14',11,'online','New Heloise','','1981-03-11 02:14:06','2021-09-19 20:33:27'),(13,12,'1985-12-17',12,'offline','DuBuquestad','73082','1980-08-23 00:37:49','2021-09-19 20:33:27'),(14,13,'1998-09-03',13,'online','Tiannafort','3210955','2006-11-03 09:08:03','2021-09-19 20:33:27'),(15,14,'1974-02-19',14,'disabled','Powlowskiborough','27','1973-05-09 05:32:30','2021-09-19 20:33:27'),(16,15,'1975-01-07',15,'online','Rafaelamouth','26184455','1971-03-15 06:25:40','2021-09-19 20:33:27'),(17,16,'2010-03-05',16,'disabled','New Serenabury','534583','1970-10-27 20:15:41','2021-09-19 20:33:27'),(18,17,'1995-06-05',17,'disabled','North Lianatown','51','1985-07-09 22:58:28','2021-09-19 20:33:27'),(19,18,'2004-12-31',18,'online','Justusmouth','3','1991-08-10 21:56:45','2021-09-19 20:33:27'),(20,19,'1989-08-22',19,'online','New Franciscomouth','608018','1996-10-13 19:59:49','2021-09-19 20:33:27'),(21,20,'1992-04-12',20,'online','South Loniefurt','1966','1990-01-08 22:03:35','2021-09-19 20:33:27'),(22,21,'1991-10-18',21,'offline','North Ransomchester','41211265','1992-10-20 15:51:45','2021-09-19 20:33:27'),(23,22,'1998-04-19',22,'offline','Salvatoreview','905780','2002-05-04 06:18:04','2021-09-19 20:33:27'),(24,23,'2004-02-20',23,'offline','Kingchester','238','1981-07-08 01:13:51','2021-09-19 20:33:27'),(25,24,'2006-07-09',24,'disabled','North Napoleonmouth','80647733','1998-12-20 02:59:03','2021-09-19 20:33:27'),(26,25,'1975-06-27',25,'disabled','Pagacchester','8260325','1994-08-16 15:05:26','2021-09-19 20:33:27'),(27,26,'1980-10-05',26,'online','Zulaufshire','8844','2009-12-10 05:45:27','2021-09-19 20:33:27'),(28,27,'1991-05-27',27,'disabled','O\'Connerburgh','8769328','1985-08-27 10:33:31','2021-09-19 20:33:27'),(29,28,'1982-12-14',28,'online','Lake Edwin','9722142','2004-10-07 03:48:42','2021-09-19 20:33:27'),(30,29,'1976-10-18',29,'disabled','Carlobury','85735985','1996-03-03 21:00:02','2021-09-19 20:33:27'),(31,30,'1978-06-27',30,'online','Lake Emilio','506834435','2006-04-22 21:11:38','2021-09-19 20:33:27'),(32,31,'1997-06-15',31,'online','East Alene','9950','2004-12-14 14:12:48','2021-09-19 20:33:27'),(33,32,'2014-08-30',32,'disabled','Rebecafort','63804','2017-07-23 01:16:34','2021-09-19 20:33:27'),(34,33,'1976-09-01',33,'online','West Pattie','528315','1992-02-28 03:45:21','2021-09-19 20:33:27'),(35,34,'1980-02-06',34,'offline','Stewartborough','89686','2006-09-10 18:06:08','2021-09-19 20:33:27'),(36,35,'1971-05-04',35,'offline','Koryside','31274333','1984-02-13 20:40:29','2021-09-19 20:33:27'),(37,36,'1979-06-15',36,'offline','Eleanorebury','364','1996-11-14 14:15:37','2021-09-19 20:33:27'),(38,37,'1983-04-27',37,'disabled','Tillmanberg','812897','1974-10-31 23:34:54','2021-09-19 20:33:27'),(39,38,'1993-04-26',38,'online','Susanaton','5','2014-07-21 05:33:13','2021-09-19 20:33:27'),(40,39,'1992-10-21',39,'online','East Wiley','316','2016-08-29 04:56:02','2021-09-19 20:33:27'),(41,40,'1982-02-20',40,'disabled','Lake Eulaliaview','73','1979-11-15 17:35:39','2021-09-19 20:33:27'),(42,41,'1987-08-21',41,'disabled','Lefflerfurt','37','1990-01-05 09:02:17','2021-09-19 20:33:27'),(43,42,'2010-09-16',42,'online','Kreigerton','1650657','1996-01-10 14:18:33','2021-09-19 20:33:27'),(44,43,'1995-12-09',43,'online','Veumport','99','1991-01-20 06:58:20','2021-09-19 20:33:27'),(45,44,'1984-04-14',44,'disabled','Karimouth','4681','1972-06-01 20:26:12','2021-09-19 20:33:27'),(46,45,'1990-01-15',45,'disabled','Michaleburgh','111825698','1970-11-19 12:53:24','2021-09-19 20:33:27'),(47,46,'2020-01-02',46,'offline','Rempelland','2104932','1976-12-30 01:53:33','2021-09-19 20:33:27'),(48,47,'2000-03-10',47,'disabled','Jesseburgh','1','2005-01-29 09:44:23','2021-09-19 20:33:27'),(49,48,'2017-06-20',48,'disabled','Twilamouth','98569','1971-10-06 18:12:09','2021-09-19 20:33:27'),(50,49,'1979-06-17',49,'disabled','North Wilmer','90','1980-06-24 15:49:58','2021-09-19 20:33:27'),(51,50,'1989-09-27',50,'online','South Tanyaborough','41','1991-02-11 21:26:08','2021-09-19 20:33:27'),(52,51,'1977-11-10',51,'offline','Easterbury','83','1992-07-06 07:10:52','2021-09-19 20:33:27'),(53,52,'1998-07-24',52,'disabled','North Brycemouth','52554','2005-04-10 22:53:48','2021-09-19 20:33:27'),(54,53,'1991-09-15',53,'offline','Port Melisaview','423047','1989-05-22 08:05:54','2021-09-19 20:33:27'),(55,54,'1987-11-13',54,'online','Port Kiarraberg','90484442','2008-10-05 04:46:24','2021-09-19 20:33:27'),(56,55,'2005-06-24',55,'offline','North Edwinaburgh','22','1998-01-07 11:24:11','2021-09-19 20:33:27'),(57,56,'1974-03-31',56,'disabled','New Lempi','6','2021-05-23 07:58:31','2021-09-19 20:33:27'),(58,57,'1998-11-26',57,'online','North Mistyside','58872900','1989-04-10 19:05:13','2021-09-19 20:33:27'),(59,58,'1977-07-24',58,'disabled','North Amos','89','1992-12-24 10:14:17','2021-09-19 20:33:27'),(60,59,'2007-11-27',59,'disabled','East Carolinaside','17','2011-04-06 17:45:41','2021-09-19 20:33:27'),(61,60,'1996-06-25',60,'online','New Sandrineborough','640556','1970-02-24 05:58:59','2021-09-19 20:33:27'),(62,61,'2012-02-08',61,'online','North Jedmouth','89878250','1992-02-21 18:03:47','2021-09-19 20:33:27'),(63,62,'2013-07-28',62,'offline','Port Laury','1','2017-12-01 17:04:01','2021-09-19 20:33:27'),(64,63,'2008-10-05',63,'online','Murielview','','2008-06-06 05:58:17','2021-09-19 20:33:27'),(65,64,'1986-08-19',64,'online','East Zenaside','986304','2019-01-12 14:52:00','2021-09-19 20:33:27'),(66,65,'2014-02-06',65,'online','Augustineland','816616738','1987-09-12 06:40:36','2021-09-19 20:33:27'),(67,66,'1988-07-19',66,'online','South Timothyside','','1970-07-25 15:44:56','2021-09-19 20:33:27'),(68,67,'1993-12-24',67,'disabled','Thompsonstad','32432480','2007-07-19 21:21:00','2021-09-19 20:33:27'),(69,68,'1984-04-11',68,'disabled','Port Luigi','182686594','1989-09-21 08:05:16','2021-09-19 20:33:27'),(70,69,'2018-05-05',69,'offline','Blockfurt','59084902','1978-06-15 11:10:17','2021-09-19 20:33:27'),(71,70,'1981-01-25',70,'online','West Stacey','8539','1988-11-27 20:05:04','2021-09-19 20:33:27'),(72,71,'1970-05-10',71,'offline','Lake Robin','45468','1979-04-07 07:49:05','2021-09-19 20:33:27'),(73,72,'1970-01-11',72,'online','New Giovaniburgh','72923','2006-08-27 14:24:36','2021-09-19 20:33:27'),(74,73,'2014-09-24',73,'offline','Ocieberg','','2008-12-11 03:41:16','2021-09-19 20:33:27'),(75,74,'2021-04-14',74,'online','West Joelleburgh','384515673','2000-04-12 20:22:36','2021-09-19 20:33:27'),(76,75,'1985-03-21',75,'online','East Ransomchester','28115508','1983-01-14 23:53:57','2021-09-19 20:33:27'),(77,76,'1989-02-07',76,'online','Reynoldstown','996','1988-02-06 23:41:41','2021-09-19 20:33:27'),(78,77,'2015-05-05',77,'offline','Farrellborough','7021','1987-08-21 04:20:39','2021-09-19 20:33:27'),(79,78,'1974-02-12',78,'disabled','Benjaminborough','9','1980-06-17 22:38:11','2021-09-19 20:33:27'),(80,79,'1980-01-24',79,'disabled','East Jacyntheshire','9','2000-07-29 13:45:56','2021-09-19 20:33:27'),(81,80,'1995-12-30',80,'disabled','Port Altheaberg','35840','2018-02-17 04:07:48','2021-09-19 20:33:27'),(82,81,'2002-03-17',81,'offline','North Bertrandhaven','65340','2007-01-19 11:29:57','2021-09-19 20:33:27'),(83,82,'1980-04-23',82,'online','North Vesta','8336','1998-09-10 19:24:07','2021-09-19 20:33:27'),(84,83,'1994-02-15',83,'disabled','Macchester','601','1976-04-06 15:32:08','2021-09-19 20:33:27'),(85,84,'1984-06-03',84,'online','South Levi','','1977-01-03 16:50:23','2021-09-19 20:33:27'),(86,85,'1979-03-04',85,'disabled','Julioville','4','2006-05-29 23:00:33','2021-09-19 20:33:27'),(87,86,'1999-03-29',86,'offline','Mariamfort','4282','1975-08-09 23:53:39','2021-09-19 20:33:27'),(88,87,'1977-04-28',87,'offline','Lake Dionborough','92','2014-06-18 19:08:15','2021-09-19 20:33:27'),(89,88,'1994-05-28',88,'disabled','Lake Isabell','9947074','1996-08-29 17:09:25','2021-09-19 20:33:27'),(90,89,'1978-08-24',89,'offline','Lorenaburgh','5747426','1976-09-26 10:09:25','2021-09-19 20:33:27'),(91,90,'1997-11-18',90,'online','New Lillian','609549','2002-11-06 03:35:11','2021-09-19 20:33:27'),(92,91,'1983-02-20',91,'disabled','New Lorenz','8','2020-01-18 07:53:56','2021-09-19 20:33:27'),(93,92,'2014-09-05',92,'disabled','Swaniawskiland','2','2015-08-25 20:04:08','2021-09-19 20:33:27'),(94,93,'1986-06-22',93,'online','New Electa','765','1998-06-01 19:21:55','2021-09-19 20:33:27'),(95,94,'1978-07-17',94,'online','Champlinfort','74087551','2016-06-24 22:16:04','2021-09-19 20:33:27'),(96,95,'2013-05-28',95,'online','Port Bartfort','51777254','1981-06-17 20:41:24','2021-09-19 20:33:27'),(97,96,'2016-11-22',96,'disabled','Velmamouth','728385','1976-07-18 05:58:56','2021-09-19 20:33:27'),(98,97,'2002-10-13',97,'online','Ansleyshire','50','1979-12-27 19:13:00','2021-09-19 20:33:27'),(99,98,'1995-04-17',98,'disabled','East Xavierstad','5','1970-02-05 03:18:14','2021-09-19 20:33:27'),(100,99,'1996-01-23',99,'disabled','Ortizhaven','1314','1994-08-17 08:14:01','2021-09-19 20:33:27'),(101,100,'1998-05-12',100,'disabled','New Toni','2350','1994-04-05 23:24:08','2021-09-19 20:33:27');
/*!40000 ALTER TABLE `profiles` ENABLE KEYS */;
UNLOCK TABLES;

--
-- Table structure for table `target_types`
--

DROP TABLE IF EXISTS `target_types`;
/*!40101 SET @saved_cs_client     = @@character_set_client */;
/*!50503 SET character_set_client = utf8mb4 */;
CREATE TABLE `target_types` (
  `id` int unsigned NOT NULL AUTO_INCREMENT,
  `name` varchar(255) NOT NULL,
  `created_at` datetime DEFAULT CURRENT_TIMESTAMP,
  PRIMARY KEY (`id`),
  UNIQUE KEY `name` (`name`)
) ENGINE=InnoDB AUTO_INCREMENT=7 DEFAULT CHARSET=utf8mb4 COLLATE=utf8mb4_0900_ai_ci;
/*!40101 SET character_set_client = @saved_cs_client */;

--
-- Dumping data for table `target_types`
--

LOCK TABLES `target_types` WRITE;
/*!40000 ALTER TABLE `target_types` DISABLE KEYS */;
INSERT INTO `target_types` VALUES (1,'user','2021-09-19 20:23:10'),(2,'post','2021-09-19 20:23:10'),(3,'media','2021-09-19 20:23:10');
/*!40000 ALTER TABLE `target_types` ENABLE KEYS */;
UNLOCK TABLES;

--
-- Table structure for table `users`
--

DROP TABLE IF EXISTS `users`;
/*!40101 SET @saved_cs_client     = @@character_set_client */;
/*!50503 SET character_set_client = utf8mb4 */;
CREATE TABLE `users` (
  `id` int unsigned NOT NULL AUTO_INCREMENT COMMENT 'Идентификатор строки',
  `first_name` varchar(100) NOT NULL COMMENT 'Имя пользователя',
  `last_name` varchar(100) NOT NULL COMMENT 'Фамилия пользователя',
  `email` varchar(100) NOT NULL COMMENT 'Почта',
  `phone` char(11) NOT NULL COMMENT 'Телефон',
  `created_at` datetime DEFAULT CURRENT_TIMESTAMP COMMENT 'Время создания строки',
  `updated_at` datetime DEFAULT CURRENT_TIMESTAMP ON UPDATE CURRENT_TIMESTAMP COMMENT 'Время обновления строки',
  `gender` enum('M','F','?') DEFAULT NULL,
  PRIMARY KEY (`id`),
  UNIQUE KEY `email` (`email`),
  UNIQUE KEY `phone` (`phone`)
) ENGINE=InnoDB AUTO_INCREMENT=101 DEFAULT CHARSET=utf8mb4 COLLATE=utf8mb4_0900_ai_ci COMMENT='Пользователи';
/*!40101 SET character_set_client = @saved_cs_client */;

--
-- Dumping data for table `users`
--

LOCK TABLES `users` WRITE;
/*!40000 ALTER TABLE `users` DISABLE KEYS */;
INSERT INTO `users` VALUES (1,'Bertrand','O\'Keefe','haag.evert@example.net','09295259450','1988-12-04 00:51:57','2021-09-19 20:40:12','F'),(2,'Friedrich','Huel','miracle.gulgowski@example.com','1-863-345-9','1980-04-23 02:57:40','2021-09-19 20:40:12','M'),(3,'Sonya','Cummings','marquise42@example.com','561.931.446','1988-04-24 02:08:45','2021-09-19 20:40:12','F'),(4,'Ulises','Collins','heaney.dereck@example.com','+00(1)52219','2012-09-20 22:01:15','2021-09-19 20:40:12','M'),(5,'Amiya','Trantow','kkris@example.com','889.291.629','2018-11-03 22:05:26','2021-09-19 20:40:12','F'),(6,'Jordane','Purdy','ccronin@example.net','1-257-235-0','2020-09-28 13:00:37','2021-09-19 20:40:12','M'),(7,'Devon','Kerluke','dsipes@example.net','555.728.574','1976-09-15 09:58:41','2021-09-19 20:40:12','F'),(8,'Jan','Jacobs','williamson.easton@example.com','09510100358','1987-03-05 06:07:49','2021-09-19 20:40:12','F'),(9,'Catherine','Pacocha','brett.leannon@example.org','1-923-011-9','2005-12-18 01:09:07','2021-09-19 20:40:12','M'),(10,'Everardo','Gleichner','gavin75@example.org','895.783.432','1984-07-13 07:50:51','2021-09-19 20:40:12','F'),(11,'Alize','Schiller','bins.triston@example.com','(086)786-88','2003-05-05 17:08:50','2021-09-19 20:40:12','F'),(12,'Stevie','Collins','spinka.dejuan@example.org','525-243-783','1976-03-08 04:00:53','2021-09-19 20:40:12','F'),(13,'Davin','Howell','kayleigh.o\'connell@example.org','1-646-555-5','1982-07-19 06:36:46','2021-09-19 20:40:12','F'),(14,'Eusebio','Bednar','judson19@example.org','928.192.139','1976-12-02 12:08:31','2021-09-19 20:40:12','M'),(15,'Zoie','Quitzon','uleuschke@example.net','(526)501-89','1993-12-31 02:25:11','2021-09-19 20:40:12','F'),(16,'Elody','Douglas','jada.erdman@example.net','1-576-888-6','1994-05-19 10:12:47','2021-09-19 20:40:12','M'),(17,'Jerrold','Sawayn','jstiedemann@example.net','650-499-664','1974-05-21 11:59:54','2021-09-19 20:40:12','M'),(18,'Chadrick','Shanahan','uvon@example.org','671-471-203','1977-02-18 15:17:48','2021-09-19 20:40:12','F'),(19,'Sharon','Gleichner','gislason.ara@example.net','+24(9)50090','1975-08-15 18:13:50','2021-09-19 20:40:12','F'),(20,'Eugenia','Kuhlman','agnes72@example.com','(605)434-31','1992-12-12 17:04:09','2021-09-19 20:40:12','F'),(21,'Erling','Zieme','gregorio.vandervort@example.com','1-333-572-3','2004-02-20 17:26:28','2021-09-19 20:40:12','F'),(22,'Joany','Rippin','goodwin.madalyn@example.com','548.052.353','1995-02-19 19:33:47','2021-09-19 20:40:12','M'),(23,'Lura','Nicolas','claude83@example.net','04303155668','2004-04-25 13:26:38','2021-09-19 20:40:12','F'),(24,'Mackenzie','Barrows','armstrong.ferne@example.org','1-131-364-8','2021-08-06 15:55:19','2021-09-19 20:40:12','M'),(25,'Colton','Upton','javier.gaylord@example.net','+96(2)68934','1993-05-15 06:06:08','2021-09-19 20:40:12','M'),(26,'Jordi','Klocko','renner.sheridan@example.net','689.814.466','2000-03-16 19:01:06','2021-09-19 20:40:12','F'),(27,'Mireille','Will','ndooley@example.org','571-934-455','2013-01-07 15:59:05','2021-09-19 20:40:12','M'),(28,'Ramona','Rice','bayer.dorthy@example.com','744-271-741','1975-10-26 14:37:10','2021-09-19 20:40:12','F'),(29,'Dayana','D\'Amore','gerhold.jules@example.net','+11(1)86981','1990-12-09 05:39:48','2021-09-19 20:40:12','M'),(30,'Aracely','Leannon','schuster.jennie@example.net','01179647993','1978-07-05 07:59:41','2021-09-19 20:40:12','F'),(31,'Breanna','Beer','emery47@example.net','990-566-648','2004-09-18 01:13:58','2021-09-19 20:40:12','F'),(32,'Darren','Jenkins','vullrich@example.org','1-797-768-8','1998-09-27 17:09:12','2021-09-19 20:40:12','F'),(33,'Anais','Senger','fannie50@example.net','(992)745-58','1973-09-06 16:59:34','2021-09-19 20:40:12','F'),(34,'Dillon','Grant','malachi.rolfson@example.com','1-846-750-9','1973-07-29 21:13:20','2021-09-19 20:40:12','F'),(35,'Bailee','Wehner','idell62@example.com','706-763-852','2004-02-11 20:49:15','2021-09-19 20:40:12','M'),(36,'Merl','Prohaska','qdurgan@example.org','544-425-512','1998-08-15 20:08:15','2021-09-19 20:40:12','F'),(37,'Carole','O\'Hara','elliott.leannon@example.net','+46(4)16143','1996-08-23 02:52:00','2021-09-19 20:40:12','M'),(38,'Jacky','Larson','ehane@example.com','1-081-610-1','1996-02-02 10:45:11','2021-09-19 20:40:12','F'),(39,'Judy','Kihn','dach.ramiro@example.net','09965539852','1990-04-09 16:48:23','2021-09-19 20:40:12','F'),(40,'Arvel','Lynch','hans.bode@example.net','282-322-131','1973-01-24 05:04:26','2021-09-19 20:40:12','F'),(41,'Theresia','Schultz','will.tatyana@example.net','(668)199-37','2004-01-01 20:40:07','2021-09-19 20:40:12','F'),(42,'Mattie','Reilly','tmohr@example.com','1-532-319-4','1970-09-11 07:50:23','2021-09-19 20:40:12','F'),(43,'Lizeth','Casper','reynolds.sabina@example.org','1-108-163-6','1976-04-17 08:48:28','2021-09-19 20:40:12','M'),(44,'Jane','Buckridge','chanel08@example.net','1-842-780-8','1992-08-11 18:35:56','2021-09-19 20:40:12','F'),(45,'Jeanie','Gottlieb','luettgen.cydney@example.com','1-740-649-9','1974-12-22 11:34:32','2021-09-19 20:40:12','M'),(46,'Sigurd','Kub','rprice@example.com','1-539-507-1','2009-05-24 06:35:02','2021-09-19 20:40:12','M'),(47,'Era','Walsh','annamae07@example.com','+23(3)98997','1975-09-07 08:20:05','2021-09-19 20:40:12','F'),(48,'Katharina','Ruecker','ymills@example.com','(131)600-06','1996-09-05 00:22:49','2021-09-19 20:40:12','M'),(49,'Otho','Brekke','gleason.juliana@example.com','(133)806-38','1973-02-13 15:24:50','2021-09-19 20:40:12','M'),(50,'Lillian','Kshlerin','dach.ramon@example.net','790-232-758','1990-10-24 01:43:25','2021-09-19 20:40:12','F'),(51,'Julian','Johnson','uabshire@example.net','+79(9)15176','1991-08-25 05:18:08','2021-09-19 20:40:12','F'),(52,'Solon','Rutherford','upton.valerie@example.net','332-058-471','1982-01-27 20:33:05','2021-09-19 20:40:12','M'),(53,'Randall','Pollich','xmcdermott@example.com','1-598-701-5','1990-06-10 13:30:49','2021-09-19 20:40:12','M'),(54,'Edwardo','O\'Keefe','lance34@example.org','905-040-704','2020-02-24 11:01:49','2021-09-19 20:40:12','F'),(55,'Amos','Tillman','serenity73@example.org','1-917-481-6','1997-11-24 05:29:34','2021-09-19 20:40:12','F'),(56,'Leon','Ferry','fermin.orn@example.org','861.972.401','1988-08-25 11:13:52','2021-09-19 20:40:12','M'),(57,'Maymie','Pfannerstill','swift.roxane@example.org','+31(6)18635','1979-03-26 20:34:57','2021-09-19 20:40:12','M'),(58,'Zane','Ankunding','lydia.carroll@example.org','(484)407-07','1979-09-06 16:30:24','2021-09-19 20:40:12','M'),(59,'Genoveva','Daugherty','eleazar77@example.org','667.506.970','1972-06-02 04:18:21','2021-09-19 20:40:12','F'),(60,'Sasha','Baumbach','crath@example.com','1-005-934-5','1987-10-01 07:18:10','2021-09-19 20:40:12','F'),(61,'Gilda','Walter','lindgren.luella@example.org','(122)223-73','2008-11-30 12:14:40','2021-09-19 20:40:12','F'),(62,'Edna','Hansen','favian48@example.com','1-625-857-1','1983-01-08 22:34:47','2021-09-19 20:40:12','F'),(63,'Elijah','Lehner','roosevelt63@example.net','1-361-277-6','2010-05-19 15:49:24','2021-09-19 20:40:12','M'),(64,'Idella','Welch','rpredovic@example.net','1-488-273-1','2008-08-26 07:05:19','2021-09-19 20:40:12','F'),(65,'Brandon','Ryan','broderick88@example.com','830.255.959','1995-01-06 12:46:30','2021-09-19 20:40:12','F'),(66,'Triston','Abshire','carissa.haag@example.net','340-773-504','2008-09-13 00:04:32','2021-09-19 20:40:12','M'),(67,'Cordelia','Legros','fred.franecki@example.org','1-077-260-2','2018-01-27 16:19:29','2021-09-19 20:40:12','F'),(68,'Novella','Bernier','felix.marquardt@example.com','741-833-022','1971-06-29 13:32:59','2021-09-19 20:40:12','F'),(69,'Era','Spinka','jacobs.kelley@example.com','(719)719-91','2008-12-25 15:39:33','2021-09-19 20:40:12','F'),(70,'Carissa','Waters','matilda.schoen@example.org','1-352-408-1','2003-06-23 15:05:27','2021-09-19 20:40:12','M'),(71,'Alana','Barton','ydicki@example.org','1-503-354-8','2005-06-05 19:25:35','2021-09-19 20:40:12','M'),(72,'Turner','Jacobson','keeling.vesta@example.com','+08(7)32911','1971-09-19 03:00:05','2021-09-19 20:40:12','M'),(73,'Maddison','Raynor','hodkiewicz.niko@example.com','367-284-778','1998-09-09 02:12:16','2021-09-19 20:40:12','F'),(74,'Rogelio','Schamberger','ischultz@example.net','935-455-686','2002-05-22 04:00:34','2021-09-19 20:40:12','M'),(75,'Mylene','Howell','dframi@example.net','398.804.833','1986-04-11 23:29:16','2021-09-19 20:40:12','F'),(76,'Chasity','Stiedemann','ysanford@example.net','509-158-129','2003-03-18 18:16:30','2021-09-19 20:40:12','F'),(77,'Jodie','Gibson','travon.bartell@example.org','085-883-159','1971-08-19 08:25:51','2021-09-19 20:40:12','F'),(78,'Eric','Hayes','sallie91@example.com','(265)204-26','1994-08-18 20:40:17','2021-09-19 20:40:12','M'),(79,'Emery','Bogisich','kovacek.elian@example.net','477-864-588','1977-08-17 10:42:44','2021-09-19 20:40:12','M'),(80,'Stanford','Gerhold','bashirian.shaun@example.net','+09(2)99166','1971-06-02 23:07:32','2021-09-19 20:40:12','F'),(81,'Brice','Bernier','zbahringer@example.com','639-964-168','1991-05-06 11:20:31','2021-09-19 20:40:12','M'),(82,'Norberto','King','webster.hessel@example.net','+92(6)86612','1972-05-17 18:29:53','2021-09-19 20:40:12','F'),(83,'Neil','Veum','hartmann.eleazar@example.net','+33(0)87778','1980-04-24 03:29:56','2021-09-19 20:40:12','F'),(84,'Torrance','Gutmann','bprosacco@example.org','1-907-912-7','2007-07-17 23:59:49','2021-09-19 20:40:12','M'),(85,'Jarrett','Hartmann','shirley38@example.com','484.339.608','2009-05-11 04:16:00','2021-09-19 20:40:12','M'),(86,'Kelley','Rau','zachariah58@example.net','02106944379','1977-09-15 19:46:22','2021-09-19 20:40:12','M'),(87,'Misael','Wintheiser','hassan21@example.net','03050391920','2010-04-16 02:54:36','2021-09-19 20:40:12','M'),(88,'Noemie','Kris','abbott.merl@example.org','120.418.807','1995-05-06 18:03:47','2021-09-19 20:40:12','M'),(89,'Berenice','Hegmann','jeanette.waters@example.com','(960)196-65','2013-04-17 15:13:05','2021-09-19 20:40:12','F'),(90,'Telly','Halvorson','bode.ashton@example.com','684.073.169','2001-07-23 04:49:20','2021-09-19 20:40:12','F'),(91,'Hassan','McKenzie','laurel.legros@example.org','+28(1)65581','1973-07-31 20:16:59','2021-09-19 20:40:12','M'),(92,'Coralie','Jerde','eula85@example.com','(041)951-03','2009-07-24 13:09:19','2021-09-19 20:40:12','M'),(93,'Earnestine','Cremin','zhills@example.com','(326)498-58','1994-10-07 03:06:08','2021-09-19 20:40:12','F'),(94,'Jayce','Stark','cory74@example.com','310.904.444','2010-07-24 01:45:55','2021-09-19 20:40:12','M'),(95,'Josephine','Nitzsche','predovic.lonny@example.net','+63(7)25070','1982-03-06 20:48:18','2021-09-19 20:40:12','F'),(96,'Jack','Erdman','zdietrich@example.org','1-996-757-8','2002-06-18 08:31:24','2021-09-19 20:40:12','F'),(97,'Bruce','Turcotte','elizabeth65@example.com','289-031-820','2001-03-24 20:11:41','2021-09-19 20:40:12','M'),(98,'Monserrate','Barton','janae34@example.net','04261830173','1996-12-13 23:28:29','2021-09-19 20:40:12','F'),(99,'Evangeline','Welch','kathleen70@example.org','821.108.637','2002-07-26 20:47:41','2021-09-19 20:40:12','F'),(100,'Adrien','Goldner','clifton.hagenes@example.com','+55(7)14638','2016-12-27 14:20:14','2021-09-19 20:40:12','F');
/*!40000 ALTER TABLE `users` ENABLE KEYS */;
UNLOCK TABLES;
/*!40103 SET TIME_ZONE=@OLD_TIME_ZONE */;

/*!40101 SET SQL_MODE=@OLD_SQL_MODE */;
/*!40014 SET FOREIGN_KEY_CHECKS=@OLD_FOREIGN_KEY_CHECKS */;
/*!40014 SET UNIQUE_CHECKS=@OLD_UNIQUE_CHECKS */;
/*!40101 SET CHARACTER_SET_CLIENT=@OLD_CHARACTER_SET_CLIENT */;
/*!40101 SET CHARACTER_SET_RESULTS=@OLD_CHARACTER_SET_RESULTS */;
/*!40101 SET COLLATION_CONNECTION=@OLD_COLLATION_CONNECTION */;
/*!40111 SET SQL_NOTES=@OLD_SQL_NOTES */;

-- Dump completed on 2021-09-19 22:30:00
